comment_id,Explicit Abusive Expression,Implicit Abusive Expression,Language Independent Change,Croatian specific Language Change,Croatia Knowledge Based,World Knowledge Based,Other
22278126,No,No,No,No,No,No,Yes
22176010,Yes,No,No,No,No,No,No
21805754,No,No,No,No,No,No,Yes
21620653,No,No,No,No,Yes,No,No
21671014,Yes,No,No,No,No,No,No
22164995,No,No,No,No,No,No,Yes
21608752,Yes,No,No,No,No,No,No
22155468,Yes,No,Yes,No,No,No,No
21714791,Yes,No,No,No,No,No,No
21796604,Yes,No,No,No,No,No,No
21677408,No,No,No,No,No,No,Yes
22145783,Yes,No,No,No,No,No,No
22291133,Yes,No,No,Yes,No,No,No
21608609,Yes,No,No,No,No,No,No
21802114,Yes,No,No,Yes,No,No,No
22233582,No,No,No,No,No,No,Yes
22328789,Yes,No,No,No,No,No,No
22198515,No,No,No,No,No,No,Yes
21934958,No,No,Yes,No,No,No,No
21619854,Yes,No,No,No,No,No,No
21778392,No,No,No,No,No,No,Yes
21893521,No,No,No,No,No,No,Yes
22165738,Yes,No,No,Yes,No,No,No
21869326,No,No,No,Yes,No,No,No
22111335,Yes,No,No,No,No,No,No
21983959,No,No,No,No,No,No,Yes
21806171,Yes,No,No,No,No,No,No
21995502,No,Yes,No,No,No,No,No
22004593,Yes,No,No,No,No,No,No
21881999,Yes,No,No,No,No,No,No
22029315,No,Yes,No,No,No,No,No
21912686,Yes,No,No,No,No,No,No
21741632,Yes,No,No,No,No,No,No
21695906,Yes,No,No,No,No,No,No
21612949,Yes,No,No,No,No,No,No
22059565,Yes,No,No,No,No,No,No
22158494,Yes,No,No,Yes,No,No,No
22069930,No,No,No,Yes,No,No,No
21778226,Yes,No,No,No,No,No,No
21631395,Yes,No,No,No,No,No,No
22313278,No,No,No,No,No,No,Yes
21999713,No,No,No,No,No,No,Yes
22253300,No,No,No,No,No,No,Yes
21931007,Yes,No,No,Yes,No,No,No
21616754,Yes,No,No,No,No,No,No
22251705,Yes,No,No,No,No,No,No
21692979,No,No,No,No,Yes,No,No
22080131,No,No,No,No,No,No,Yes
22138724,No,No,No,Yes,No,No,No
21795898,Yes,No,No,No,No,No,No
21942843,No,No,No,No,No,No,Yes
22305483,Yes,No,No,No,No,No,No
21622021,Yes,No,No,Yes,No,No,No
22072377,No,No,No,No,No,No,Yes
21669904,No,No,Yes,No,No,No,No
21673457,Yes,No,No,No,No,No,No
22387782,Yes,No,Yes,No,No,No,No
21894977,Yes,No,No,No,No,No,No
22133776,No,No,No,Yes,No,No,No
22053886,No,No,No,No,Yes,No,No
22231933,No,No,Yes,No,No,No,No
22023890,Yes,No,No,No,No,No,No
22103921,Yes,No,No,No,No,No,No
22131334,Yes,No,No,No,No,No,No
21830583,No,No,No,No,No,No,Yes
21994226,No,No,No,No,No,No,Yes
22235986,No,No,No,No,No,No,Yes
21672332,Yes,No,No,No,No,No,No
21762854,No,Yes,No,Yes,No,No,No
21901752,No,No,No,No,No,No,Yes
22339458,Yes,No,No,No,No,No,No
21955129,No,No,No,No,No,No,Yes
22064603,No,No,No,No,No,No,Yes
22298087,Yes,No,No,No,No,No,No
22289664,No,Yes,No,No,Yes,No,No
22017434,Yes,No,No,No,No,No,No
21943802,Yes,No,No,No,No,No,No
21789553,Yes,Yes,No,No,No,No,No
21877144,No,No,No,No,Yes,No,No
22038557,No,No,No,No,No,No,Yes
22312978,Yes,No,No,No,No,No,No
22125343,No,No,No,No,Yes,No,No
22171840,Yes,No,Yes,No,No,No,No
21740102,No,No,No,No,No,No,Yes
21737033,Yes,No,Yes,No,No,No,No
21869952,Yes,No,No,No,No,No,No
22323765,Yes,No,No,No,No,No,No
21674517,No,No,Yes,No,No,No,No
22269440,No,No,Yes,No,No,No,No
21672971,Yes,No,No,No,No,No,No
21894257,Yes,No,No,No,No,No,No
21779939,No,No,No,No,No,No,Yes
21717052,No,No,No,No,Yes,No,No
21710397,No,No,No,Yes,No,No,No
22174477,Yes,No,No,No,No,No,No
21665530,No,No,No,No,No,No,Yes
22057496,No,No,No,No,No,No,Yes
22020664,Yes,No,No,No,No,No,No
21801522,Yes,No,No,No,No,No,No
22285236,No,No,No,No,No,No,Yes
22265804,No,No,Yes,No,No,No,No
21777085,No,No,No,No,Yes,No,No
22186624,Yes,No,No,No,No,No,No
21963221,No,No,No,No,No,No,Yes
21678473,No,Yes,No,No,No,No,No
22384054,No,No,No,No,No,No,Yes
21895410,No,No,Yes,No,No,No,No
21846172,No,No,No,Yes,No,No,No
22388985,No,No,No,No,No,No,Yes
21807980,Yes,No,No,Yes,No,No,No
21926877,No,No,Yes,No,No,No,No
22305247,Yes,No,No,No,No,No,No
22345312,Yes,No,No,No,No,No,No
22023072,No,Yes,No,No,No,No,No
21717608,Yes,No,No,No,No,No,No
21788438,No,No,No,No,Yes,No,No
22160851,Yes,No,No,No,No,No,No
22272507,No,No,No,No,No,No,Yes
21589708,No,No,No,Yes,No,No,No
22260548,Yes,No,No,No,No,No,No
21770275,No,No,No,No,No,No,Yes
22090920,Yes,No,No,No,No,No,No
22321961,No,Yes,No,No,No,No,No
22219422,No,No,No,No,No,No,Yes
21588767,No,Yes,No,No,No,No,No
22388897,No,No,Yes,No,No,No,No
22134466,No,No,No,No,No,No,Yes
22302718,No,No,No,No,No,No,Yes
21590634,No,No,Yes,No,No,No,No
22166035,No,No,Yes,No,No,No,No
22139293,Yes,No,No,No,No,No,No
21803904,Yes,No,No,No,No,No,No
21875943,Yes,No,No,No,No,No,No
21646518,Yes,No,No,No,No,No,No
22057848,Yes,No,No,Yes,No,No,No
22248171,Yes,No,No,No,No,No,No
22385266,Yes,No,No,No,No,No,No
21875792,No,No,No,No,No,No,Yes
21753029,Yes,No,No,No,No,No,No
21786068,No,Yes,No,No,No,No,No
22296263,Yes,No,Yes,No,No,No,No
22170611,No,No,No,Yes,No,No,No
22066802,No,Yes,No,No,No,No,No
21595531,Yes,No,No,No,No,No,No
21666864,Yes,No,No,Yes,No,No,No
22275604,Yes,No,No,No,No,No,No
22331422,No,Yes,No,No,No,No,No
22346719,Yes,No,No,Yes,No,No,No
22372886,No,No,No,No,No,No,Yes
21618428,No,No,No,No,No,No,Yes
22121119,Yes,No,No,No,No,No,No
21767744,Yes,No,No,No,No,No,No
21688457,Yes,No,No,No,No,No,No
22299163,Yes,Yes,No,No,No,No,No
21802080,Yes,No,No,No,No,No,No
22303841,Yes,No,No,No,No,No,No
22392202,No,No,No,No,No,No,Yes
22398308,No,No,No,No,No,No,Yes
21922486,Yes,No,No,No,No,No,No
21698095,Yes,No,No,No,No,No,No
21638465,Yes,No,No,No,No,No,No
21824539,No,No,No,No,No,No,Yes
22226013,Yes,No,No,No,No,No,No
21736966,No,No,No,No,No,No,Yes
21619897,Yes,No,No,No,No,No,No
22103525,Yes,No,No,No,No,No,No
21874547,No,Yes,No,No,No,No,No
22397729,No,Yes,No,Yes,No,No,No
21865309,No,No,No,No,No,No,Yes
22220462,No,No,No,No,No,No,Yes
21721328,,,,,,,
22063386,,,,,,,
21803297,,,,,,,
22242135,,,,,,,
21754295,,,,,,,
21605630,,,,,,,
21850534,,,,,,,
21619513,,,,,,,
21688144,,,,,,,
22118432,,,,,,,
21764309,Yes,No,No,No,No,No,No
21615017,No,No,No,Yes,No,No,No
22027261,No,No,No,Yes,No,No,No
21682439,No,No,No,Yes,No,No,No
22234720,Yes,No,No,No,No,No,No
21895740,No,No,No,Yes,No,No,No
21764216,Yes,No,No,Yes,No,No,No
22155249,Yes,No,No,No,No,No,No
21631477,No,No,No,Yes,No,No,No
22389161,No,Yes,No,No,No,No,No
21925057,No,Yes,No,No,No,No,No
21769638,No,No,No,Yes,No,No,No
21698066,No,Yes,Yes,No,No,No,No
22187850,Yes,No,No,Yes,No,No,No
21593390,No,No,No,Yes,No,No,No
21907919,Yes,No,No,No,No,No,No
22062538,No,No,No,No,No,No,Yes
22233582,No,No,No,No,No,No,Yes
21654114,No,No,No,No,No,No,Yes
21749620,Yes,No,No,No,No,No,No
21737039,Yes,No,No,No,No,No,No
21646671,No,No,No,No,No,No,Yes
22165824,No,No,No,No,No,No,Yes
22349841,No,No,No,No,No,No,Yes
21989467,Yes,No,No,No,No,No,No
21678565,No,Yes,No,No,No,No,No
22099787,Yes,No,No,Yes,No,No,No
22307235,No,No,No,No,No,No,Yes
22003044,No,No,No,Yes,No,No,No
21656228,No,No,No,No,Yes,No,No
21762942,Yes,No,No,No,No,No,No
22248269,Yes,No,No,No,No,No,No
22365457,Yes,No,No,Yes,No,No,No
21613966,No,No,No,No,Yes,No,No
22286435,No,No,No,No,No,No,Yes
22013800,No,Yes,No,No,No,No,No
22257083,No,No,No,No,No,No,Yes
21767595,Yes,No,No,No,No,No,No
22140239,No,No,Yes,No,No,No,No
21846979,Yes,No,No,No,No,No,No
21911265,No,No,No,Yes,No,No,No
21777133,Yes,No,No,No,No,No,No
22167902,No,No,No,No,No,No,Yes
22284306,Yes,No,No,No,No,No,No
22335695,No,Yes,No,No,No,No,No
21875759,Yes,No,No,No,No,No,No
21952287,Yes,No,Yes,No,No,No,No
22194038,No,No,No,Yes,No,No,No
22172811,Yes,No,No,No,No,No,No
21954803,No,No,No,No,No,No,Yes
21682152,Yes,No,No,Yes,No,No,No
21936554,Yes,No,No,No,No,No,No
21814793,No,Yes,No,No,No,No,No
22204991,No,Yes,No,No,No,No,No
22380238,No,Yes,No,No,No,No,No
22040507,Yes,No,No,No,No,No,No
21646493,No,No,No,No,Yes,No,No
21817841,No,No,No,Yes,No,No,No
22038824,Yes,No,No,No,No,No,No
22396485,No,No,No,No,No,No,Yes
21867197,No,No,No,No,No,No,Yes
22273446,No,No,No,Yes,No,No,No
22221056,No,Yes,No,No,No,No,No
22383027,No,No,No,Yes,No,No,No
22282140,No,No,No,No,No,No,Yes
21806635,No,No,No,No,Yes,No,No
22133048,No,No,No,No,No,No,Yes
22057687,Yes,No,No,No,No,No,No
22160677,Yes,No,No,No,No,No,No
22395329,Yes,No,No,No,No,No,No
21912840,No,Yes,No,No,No,No,No
22313851,Yes,No,No,No,No,No,No
21874515,No,No,No,Yes,No,No,No
22297934,Yes,No,Yes,No,No,No,No
21642681,Yes,No,No,No,No,No,No
21937020,No,Yes,No,No,No,No,No
21998693,No,No,No,Yes,No,No,No
21955585,No,No,No,No,No,No,Yes
22082756,No,No,No,Yes,No,No,No
22142134,Yes,No,No,Yes,No,No,No
21784944,Yes,No,No,No,No,No,No
22187742,No,No,No,Yes,No,No,No
21762957,Yes,No,No,Yes,No,No,No
21671197,Yes,No,No,No,No,No,No
22149408,Yes,No,No,No,No,No,No
22112549,Yes,No,No,No,No,No,No
22363659,Yes,No,No,No,No,No,No
22033183,Yes,No,No,No,No,No,No
21918147,No,No,No,No,No,No,Yes
21612565,Yes,No,No,No,No,No,No
21882113,No,No,No,No,No,No,Yes
21715724,No,Yes,No,No,No,No,No
22383256,Yes,No,No,Yes,No,No,No
22325611,No,No,No,Yes,No,No,No
21719784,Yes,No,No,Yes,No,No,No
21769833,No,No,No,No,No,No,Yes
21842215,Yes,No,No,No,No,No,No
21778636,No,No,No,No,No,No,Yes
22290779,No,No,No,Yes,No,No,No
22363779,No,No,No,Yes,No,No,No
22111102,No,No,No,No,No,No,Yes
21881311,No,No,No,No,Yes,No,No
22107911,No,No,No,No,No,No,Yes
21836158,No,Yes,No,No,No,No,No
22068562,Yes,No,No,No,No,No,No
22222161,Yes,No,No,No,No,No,No
22110062,No,Yes,No,No,No,No,No
21622857,Yes,No,No,No,No,No,No
21912350,No,Yes,No,No,No,No,No
21744913,No,No,No,Yes,No,No,No
22020196,Yes,No,No,No,No,No,No
21911513,Yes,No,No,No,No,No,No
22081517,No,No,Yes,No,No,No,No
21638120,Yes,No,No,No,No,No,No
21753798,Yes,No,No,Yes,No,No,No
22390074,No,No,No,No,No,No,Yes
22308457,No,No,Yes,No,No,No,No
22356644,Yes,No,No,No,No,No,No
21935804,No,No,No,Yes,No,No,No
22029911,Yes,No,No,No,No,No,No
22373282,No,No,Yes,No,No,No,No
21919735,No,No,No,No,No,No,Yes
22130255,No,No,No,No,No,No,Yes
21878115,No,Yes,No,No,No,No,No
21740979,Yes,No,No,No,No,No,No
21710351,No,No,No,No,No,No,Yes
22280335,Yes,No,No,No,No,No,No
22337617,Yes,No,No,No,No,No,No
21935354,No,No,Yes,No,No,No,No
21948075,No,No,No,No,Yes,No,No
22260154,No,Yes,No,No,No,No,No
22256540,No,No,No,No,No,No,Yes
22313845,No,No,No,No,No,No,Yes
22065491,No,No,No,No,No,No,Yes
21924222,No,No,No,Yes,Yes,No,No
21999462,Yes,No,No,Yes,No,No,No
22300335,No,Yes,No,No,No,No,No
21681389,No,No,No,No,No,No,Yes
22222529,Yes,No,No,No,No,No,No
22175723,Yes,No,No,No,No,No,No
22211377,No,No,No,Yes,No,No,No
22192562,No,No,No,Yes,No,No,No
21882704,Yes,No,No,No,No,No,No
21726890,Yes,No,No,No,No,No,No
21846859,Yes,No,No,No,No,No,No
21870732,Yes,No,No,No,No,No,No
22033641,Yes,No,No,Yes,No,No,No
21683329,Yes,No,No,No,No,No,No
22077794,No,No,No,No,No,No,Yes
21987011,No,Yes,Yes,No,No,No,No
21889236,Yes,No,No,No,No,No,No
21860896,No,Yes,No,No,No,No,No
21778208,Yes,No,No,No,No,No,No
21591418,No,No,No,No,No,No,Yes
22312069,Yes,No,No,No,No,No,No
21875124,No,No,No,No,Yes,No,No
22098457,No,Yes,No,No,No,No,No
22233582,No,No,No,No,No,No,Yes
22353511,Yes,No,No,No,No,No,No
21604104,No,No,No,No,No,No,Yes
22324067,No,Yes,No,No,No,No,No
21598908,No,No,No,No,No,No,Yes
22064766,Yes,No,No,No,No,No,No
21625745,No,No,Yes,No,No,No,No
22068422,No,Yes,No,No,No,No,No
22233582,No,No,No,No,No,No,Yes
22281354,No,No,No,No,Yes,No,No
21971530,No,No,No,No,No,No,Yes
22064205,Yes,No,No,Yes,No,No,No
21905742,No,No,Yes,No,No,No,No
22095674,No,Yes,No,No,No,No,No
21801085,Yes,No,No,No,No,No,No
21727160,Yes,No,No,No,No,No,No
22384450,No,No,No,No,No,No,Yes
21895273,No,No,No,No,No,No,Yes
21892119,No,Yes,No,No,No,No,No
21805952,No,Yes,No,No,No,No,No
21985807,No,Yes,No,No,No,No,No
22294422,No,Yes,No,No,No,No,No
22226427,No,No,Yes,No,No,No,No
22029081,Yes,No,No,No,No,No,No
22165949,No,No,No,No,No,No,Yes
22345312,Yes,No,No,No,No,No,No
22008995,Yes,No,No,No,No,No,No
22047439,No,Yes,No,Yes,No,No,No
22302635,No,No,No,No,No,No,Yes
22387064,No,No,No,No,Yes,No,No
21867425,No,No,No,Yes,No,No,No
22070265,No,No,No,Yes,No,No,No
22343800,No,Yes,No,No,No,No,No
21650046,No,No,No,No,No,No,Yes
21682859,No,No,No,Yes,No,No,No
21808708,No,No,No,No,No,No,Yes
22040037,No,No,No,No,Yes,No,No
21717907,Yes,No,No,No,No,No,No
22233582,No,No,No,No,No,No,Yes
22007133,No,Yes,No,No,No,No,No
22126146,Yes,No,No,No,Yes,No,No
22066134,Yes,No,No,No,No,No,No
22164993,Yes,No,No,No,No,No,No
21693426,No,Yes,No,No,No,No,No
22199792,Yes,No,No,No,No,No,No
22219016,Yes,No,No,Yes,No,No,No
22196995,No,No,No,Yes,No,No,No
22135346,Yes,No,No,No,No,No,No
22039010,Yes,No,No,No,No,No,No
21691137,Yes,No,No,No,No,No,No
21692632,No,No,No,Yes,No,No,No
22082839,No,No,No,No,No,No,Yes
22366530,No,No,No,No,No,No,Yes
21740766,No,Yes,No,No,No,No,No
21963978,No,Yes,No,No,No,No,No
22300549,No,No,No,Yes,No,No,No
21847921,No,No,Yes,No,No,No,No
22251693,No,No,Yes,No,No,No,No
22314246,No,No,Yes,No,No,No,No
21771955,Yes,No,No,No,No,No,No
22233582,No,No,No,No,No,No,Yes
22113655,Yes,No,No,No,No,No,No
22285330,No,No,No,No,No,No,Yes
22260663,No,No,No,Yes,No,No,No
22028205,Yes,No,No,No,No,No,No
21822491,No,No,No,No,No,No,Yes
21620630,No,Yes,No,No,No,No,No
22020039,No,No,Yes,No,No,No,No
21800341,Yes,No,No,No,No,No,No
21693992,No,No,No,No,Yes,No,No
21658978,Yes,No,No,No,No,No,No
22062722,No,No,Yes,No,No,No,No
21940499,No,No,Yes,Yes,No,No,No
21600495,No,No,No,No,No,No,Yes
22348967,No,No,No,No,No,No,Yes
22078591,Yes,No,No,No,No,No,No
22031733,No,No,Yes,No,No,No,No
21771319,No,No,No,Yes,No,No,No
22058392,Yes,No,No,No,No,No,No
22259874,No,No,No,Yes,No,No,No
22062710,No,No,No,No,No,No,Yes
22109903,No,No,No,No,No,No,Yes
22352211,Yes,No,No,No,No,No,No
22344963,No,No,No,No,No,No,Yes
22182936,Yes,No,No,No,No,No,No
21876781,No,No,No,Yes,No,No,No
22111039,Yes,No,No,Yes,No,No,No
21848510,No,No,No,No,No,No,Yes
21877803,No,No,No,Yes,No,No,No
21785587,No,No,No,Yes,Yes,No,No
21687000,No,No,Yes,No,No,No,No
22274029,No,No,No,No,No,No,Yes
22275435,No,No,No,No,No,No,Yes
22042839,No,No,No,Yes,No,No,No
21768174,No,No,No,No,No,No,Yes
21684253,No,Yes,No,No,No,No,No
22358541,Yes,No,No,No,No,No,No
22387227,Yes,No,No,No,No,No,No
22119652,Yes,No,No,No,No,No,No
22308600,No,No,Yes,No,No,No,No
21934092,Yes,No,No,No,No,No,No
22285591,No,No,No,No,Yes,No,No
21771673,No,Yes,No,No,No,No,No
21690764,No,No,No,No,Yes,No,No
22298390,Yes,No,No,No,No,No,No
22097561,Yes,No,No,No,No,No,No
22247958,Yes,No,No,No,No,No,No
22063495,Yes,No,No,No,No,No,No
22125503,Yes,No,No,No,No,No,No
21653825,No,Yes,No,No,No,No,No
21966629,No,No,Yes,Yes,No,No,No
22233789,No,No,No,Yes,No,No,No
21744758,No,No,No,Yes,No,No,No
21946543,No,No,No,No,No,No,Yes
22295466,Yes,No,No,No,Yes,No,No
21634033,Yes,No,No,No,No,No,No
21650440,No,Yes,No,No,No,No,No
22046892,No,Yes,No,No,No,No,No
21863576,Yes,No,No,No,No,No,No
22126890,No,Yes,No,No,Yes,No,No
21673950,No,No,No,No,No,No,Yes
21698638,Yes,No,No,No,No,No,No
22140631,Yes,No,No,No,No,No,No
21621109,Yes,No,No,Yes,No,No,No
22133624,Yes,No,Yes,No,No,No,No
21665623,No,Yes,No,No,No,Yes,No
21897092,No,Yes,Yes,Yes,No,No,No
22055517,No,Yes,No,No,No,No,No
22285236,No,No,No,No,No,No,Yes
21773187,No,Yes,No,No,No,No,No
22291385,No,No,Yes,No,No,No,No
21950298,No,Yes,Yes,Yes,No,No,No
21747082,Yes,No,No,No,No,No,No
22126631,No,Yes,No,Yes,No,No,No
22130174,No,Yes,No,No,No,No,No
21841060,No,Yes,No,Yes,No,No,No
21877941,Yes,Yes,No,Yes,Yes,No,No
22148260,No,Yes,No,No,No,No,No
21687216,No,Yes,No,No,Yes,No,No
22101065,No,No,No,Yes,No,No,No
22071664,No,Yes,No,No,No,No,No
22194833,No,No,No,Yes,Yes,No,No
21681053,No,No,No,No,No,No,Yes
22339734,No,No,No,No,No,No,Yes
22134593,No,Yes,No,Yes,No,No,No
22087933,No,No,No,Yes,No,No,No
21825150,No,Yes,No,No,Yes,No,No
22233582,No,No,No,No,No,No,Yes
22285963,No,Yes,No,No,No,No,No
22388126,Yes,Yes,No,No,No,No,No
21718170,Yes,No,No,No,No,No,No
22282563,Yes,No,No,No,No,No,No
22392265,No,Yes,No,No,No,No,No
22291438,No,Yes,No,No,Yes,No,No
22126901,No,No,No,Yes,Yes,No,No
22233582,No,No,No,No,No,No,Yes
21735486,No,Yes,No,Yes,Yes,Yes,No
21851852,Yes,Yes,No,Yes,Yes,No,No
22111602,No,Yes,No,Yes,No,Yes,No
21859549,Yes,No,No,No,No,No,No
21713647,No,Yes,No,Yes,No,No,No
22206162,No,Yes,No,Yes,No,No,No
22074535,No,No,No,No,Yes,No,No
22315522,No,No,No,Yes,No,No,No
21718389,No,Yes,No,No,No,No,No
22086846,Yes,No,No,Yes,No,No,No
21743580,No,Yes,Yes,No,No,No,No
22355652,Yes,No,No,No,No,No,No
21753922,Yes,No,No,No,No,No,No
21768071,No,Yes,No,Yes,No,No,No
21766339,No,Yes,No,Yes,No,No,No
21869896,No,Yes,No,Yes,No,No,No
22007369,No,Yes,No,No,No,No,No
21644857,Yes,No,No,No,No,No,No
22064168,No,Yes,No,No,No,No,No
22253154,Yes,Yes,No,Yes,No,No,No
21871720,Yes,Yes,No,No,No,No,No
21806122,No,Yes,No,Yes,No,No,No
22389906,No,No,Yes,Yes,No,No,No
22110984,Yes,Yes,No,No,Yes,No,No
22116643,No,Yes,No,Yes,No,No,No
22213611,Yes,No,No,No,No,No,No
21743264,No,Yes,No,No,Yes,No,No
22214606,No,Yes,No,No,No,No,No
22129055,No,No,No,Yes,No,No,No
22035336,Yes,Yes,No,No,Yes,No,No
21994840,Yes,No,No,Yes,No,No,No
21998102,Yes,Yes,No,No,No,No,No
22124533,No,Yes,No,No,No,No,No
22350451,Yes,No,No,No,No,No,No
21622963,No,No,No,Yes,No,No,No
22212261,No,Yes,No,No,No,No,No
21887274,No,Yes,No,Yes,Yes,No,No
21949162,No,No,No,Yes,No,No,No
22161146,No,Yes,No,No,No,No,No
22104013,No,Yes,No,Yes,No,No,No
22064523,No,No,No,Yes,No,No,No
22331984,No,Yes,No,Yes,No,No,No
22278036,No,Yes,No,Yes,Yes,Yes,No
21995871,No,Yes,No,No,No,No,No
22387508,No,Yes,No,No,No,No,No
22014776,Yes,No,No,No,No,No,No
21774866,Yes,No,No,Yes,No,No,No
21598464,No,Yes,No,No,No,No,No
21746035,Yes,No,No,No,No,No,No
22057660,Yes,No,No,No,No,No,No
22144442,No,Yes,No,Yes,Yes,No,No
22240280,Yes,No,No,No,No,No,No
21879296,No,Yes,No,Yes,No,No,No
21948731,No,Yes,No,No,Yes,No,No
22030611,Yes,Yes,No,Yes,Yes,No,No
21709445,No,Yes,No,Yes,Yes,No,No
22073024,No,Yes,No,No,No,No,No
22344946,Yes,No,No,No,No,No,No
22016751,Yes,Yes,No,No,No,No,No
21606429,No,No,No,No,No,No,Yes
22113340,Yes,No,No,No,No,No,No
21668209,Yes,No,No,No,No,No,No
22332546,Yes,No,No,No,No,No,No
21921231,No,No,Yes,No,No,No,No
22092810,No,No,No,Yes,Yes,No,No
22078710,No,Yes,No,No,No,No,No
22106301,Yes,No,No,No,No,No,No
22023365,No,Yes,No,Yes,No,No,No
22356064,No,Yes,Yes,No,Yes,No,No
21875819,Yes,No,No,Yes,No,No,No
22028547,No,No,No,Yes,No,No,No
21875666,Yes,Yes,No,No,No,No,No
21910667,No,Yes,No,No,No,No,No
21935385,Yes,Yes,No,No,No,No,No
21983538,No,No,Yes,No,No,No,No
22011321,No,Yes,No,No,No,No,No
21860402,No,No,Yes,No,No,No,No
22320834,No,No,Yes,No,No,No,No
22168514,No,Yes,No,No,Yes,No,No
22091914,Yes,No,No,No,Yes,No,No
21686074,No,Yes,No,Yes,No,No,No
21671383,No,Yes,No,No,Yes,No,No
22345303,Yes,Yes,No,No,No,No,No
22012157,Yes,No,Yes,No,No,No,No
22165041,No,Yes,No,Yes,No,No,No
22188811,Yes,No,No,No,No,No,No
21653712,Yes,Yes,No,No,No,No,No
22389248,No,Yes,No,No,No,No,No
21990668,No,No,No,No,No,No,Yes
21863199,Yes,No,No,No,No,No,No
22004294,No,No,No,Yes,No,No,No
21781588,No,Yes,Yes,No,No,No,No
22273292,Yes,No,No,Yes,No,No,No
22290440,No,No,No,No,Yes,No,No
21598285,No,No,No,No,No,No,Yes
21673613,Yes,No,No,No,No,No,No
21947585,No,Yes,No,No,Yes,No,No
21758026,Yes,No,No,Yes,Yes,No,No
22222565,No,No,No,No,No,No,Yes
21860585,Yes,No,No,No,No,No,No
21857856,No,No,No,Yes,Yes,No,No
22350193,Yes,No,No,No,No,No,No
21893518,No,No,No,No,No,No,Yes
21755373,No,Yes,No,No,Yes,No,No
22093144,No,Yes,No,No,No,Yes,Yes
21896118,Yes,No,No,Yes,No,No,No
22331485,No,Yes,No,No,No,No,No
21813698,Yes,No,No,No,No,No,No
22040899,No,Yes,No,No,Yes,No,No
21916436,Yes,No,No,No,No,No,No
21898650,Yes,No,No,No,No,No,No
21987407,Yes,No,No,Yes,Yes,No,No
22256910,Yes,No,No,Yes,No,Yes,No
21883940,Yes,Yes,No,No,No,No,No
21954573,No,Yes,No,No,No,No,No
22141795,No,Yes,No,Yes,Yes,No,No
21607259,Yes,No,No,No,No,No,No
22023852,Yes,No,No,No,No,No,No
21886657,No,No,No,No,Yes,No,No
22226295,Yes,No,No,Yes,Yes,No,No
22289775,Yes,No,No,No,Yes,No,No
21651428,Yes,No,No,No,No,No,No
21639060,No,Yes,No,Yes,Yes,No,No
22280849,No,Yes,No,Yes,No,No,No
21953964,No,No,No,No,No,No,Yes
21834646,No,Yes,No,Yes,No,No,No
21664699,No,No,No,Yes,No,No,No
21946543,No,No,No,No,No,No,Yes
21701734,Yes,No,No,No,Yes,No,No
22138183,Yes,No,No,Yes,No,No,No
21781505,Yes,No,No,No,Yes,No,No
22196588,Yes,No,No,No,No,No,No
22029296,Yes,No,No,No,No,No,No
22021796,Yes,No,No,No,No,No,No
21846856,No,No,No,No,Yes,No,No
22390891,No,Yes,Yes,No,No,No,No
22354606,No,Yes,No,No,No,No,No
22260171,No,Yes,No,No,No,No,No
21928476,No,Yes,No,No,No,No,No
22219169,No,Yes,No,No,Yes,No,No
22112366,Yes,No,No,Yes,No,No,No
21915775,No,No,No,No,No,No,Yes
21948536,No,Yes,No,No,Yes,No,No
21748555,Yes,No,No,No,Yes,No,No
22233582,No,No,No,No,No,No,Yes
21654856,Yes,No,No,No,No,No,No
22366239,Yes,No,No,No,No,No,No
21823092,Yes,No,No,Yes,No,No,No
22101218,Yes,No,No,Yes,No,No,No
22091150,Yes,No,No,No,No,No,No
22233582,No,No,No,No,No,No,Yes
21798063,No,Yes,No,No,No,No,No
22233582,No,No,No,No,No,No,Yes
21916843,Yes,No,No,Yes,No,No,No
22257229,No,Yes,No,No,Yes,No,No
22020716,Yes,No,No,No,No,No,No
22369117,No,Yes,No,No,No,No,No
22001697,Yes,No,No,No,No,No,No
22347894,No,Yes,No,No,No,No,No
21771653,No,Yes,No,No,Yes,No,No
21777231,No,Yes,No,No,Yes,No,No
22131388,No,No,No,No,No,No,Yes
22332179,No,Yes,No,No,Yes,No,No
22290811,Yes,No,No,No,No,No,No
21614290,Yes,No,No,No,No,No,No
21945479,Yes,No,No,No,No,No,No
21720409,No,No,No,No,No,No,Yes
21654999,No,Yes,No,No,No,No,No
22227010,Yes,No,No,No,No,No,No
22057425,Yes,No,No,No,No,No,No
22264684,Yes,No,No,Yes,Yes,No,No
21595567,Yes,No,No,Yes,No,No,No
21763904,Yes,No,Yes,No,No,No,No
22201309,Yes,No,No,Yes,Yes,No,No
22232759,No,Yes,No,No,Yes,No,No
21899406,Yes,No,No,No,No,No,No
22314450,No,Yes,No,No,No,No,No
21810045,No,No,No,No,No,No,Yes
21688345,No,Yes,No,No,No,No,No
22028447,Yes,No,No,No,No,No,No
22203178,Yes,No,No,No,No,No,No
21674768,Yes,Yes,No,No,No,No,No
21961152,No,No,No,Yes,No,No,No
22015982,Yes,No,No,No,No,No,No
21687063,No,Yes,No,No,Yes,No,No
21736246,No,Yes,No,No,No,No,No
22240685,Yes,No,No,No,No,No,No
21997892,No,Yes,No,No,No,No,No
21814114,No,Yes,No,No,No,No,No
22323847,No,Yes,No,No,No,No,No
21600495,No,No,No,No,No,No,Yes
21958092,No,No,No,No,Yes,No,No
22047796,Yes,No,No,No,No,No,No
22045589,Yes,No,No,No,No,No,No
22140895,Yes,No,No,No,No,No,No
21664357,Yes,No,No,No,No,No,No
22233582,No,No,No,No,No,No,Yes
22258420,No,Yes,No,No,No,No,No
22233582,No,No,No,No,No,No,Yes
21625318,Yes,No,No,No,Yes,No,No
21872991,No,Yes,No,No,No,No,No
21911966,Yes,No,No,No,No,No,No
21644310,Yes,No,No,No,No,No,No
21998176,No,No,No,No,No,No,Yes
21620545,No,Yes,No,No,No,No,No
21952410,Yes,No,No,No,No,No,No
22128399,No,No,No,Yes,No,No,No
21946543,No,No,No,No,No,No,Yes
22069634,No,Yes,No,No,No,No,No
21591809,No,No,No,No,Yes,No,No
22107532,Yes,No,No,No,No,No,No
21856217,Yes,Yes,No,Yes,Yes,No,No
22021975,No,Yes,No,No,Yes,No,No
21882489,Yes,No,No,No,No,Yes,No
22145498,No,Yes,No,No,Yes,No,No
22047772,Yes,No,No,No,No,No,No
22016625,No,No,No,Yes,No,No,No
21955446,No,Yes,No,No,No,No,No
21879025,No,No,No,Yes,No,No,No
22156714,Yes,No,No,No,Yes,No,No
21864667,Yes,No,No,No,No,No,No
22127171,Yes,No,No,No,No,No,No
21767727,No,Yes,No,No,No,No,No
21749220,No,Yes,No,No,Yes,No,No
22124684,Yes,No,No,No,No,No,No
22087112,No,Yes,No,No,No,No,No
21927757,Yes,No,No,No,No,No,No
21648331,Yes,No,No,No,No,No,No
21741672,No,No,No,Yes,Yes,No,No
22314900,No,Yes,No,No,No,No,No
22217229,Yes,No,No,Yes,Yes,No,No
22108142,No,No,Yes,No,No,No,No
22337486,Yes,No,Yes,No,No,No,No
21636647,No,Yes,No,No,Yes,No,No
22014597,Yes,No,Yes,No,No,No,No
22331031,Yes,No,Yes,No,No,No,No
22326847,Yes,No,No,No,No,No,No
21867616,No,No,No,Yes,No,No,No
22002417,Yes,No,No,No,No,No,No
22360861,No,Yes,No,No,No,No,No
22035756,Yes,No,No,No,No,No,No
21664961,Yes,No,No,Yes,No,No,No
22134251,Yes,No,No,No,No,No,No
22192774,Yes,No,No,No,No,No,No
22344826,Yes,No,No,No,No,No,No
21742368,Yes,No,No,No,No,No,No
22351921,Yes,No,No,No,No,No,No
22366653,Yes,No,No,No,No,No,No
22374811,No,Yes,No,No,No,No,No
21620762,No,No,No,No,No,No,Yes
21665262,Yes,No,No,No,No,No,No
22302879,Yes,No,No,No,No,No,No
22260111,No,Yes,No,Yes,No,No,No
21622154,Yes,No,No,No,No,No,No
22332936,No,Yes,No,No,No,No,No
22093898,Yes,No,No,No,No,No,No
22396158,No,Yes,Yes,No,No,No,No
21953835,Yes,No,No,No,No,No,No
22223876,Yes,No,No,Yes,No,No,No
21863198,No,Yes,No,No,No,No,No
21670754,No,Yes,No,No,No,No,No
22103394,No,No,No,No,No,No,Yes
21690217,Yes,No,No,No,No,No,No
21764906,Yes,No,No,No,No,No,No
21615197,Yes,Yes,No,No,No,No,No
22054711,Yes,No,No,No,No,No,No
21818447,Yes,No,No,No,No,No,No
21593415,No,Yes,No,No,No,No,No
21860430,No,Yes,No,No,Yes,No,No
22166583,No,No,No,No,No,No,Yes
22307389,No,No,No,No,No,No,Yes
21869110,Yes,No,No,No,No,No,No
22211165,No,Yes,No,No,No,No,No
22242193,No,Yes,No,No,No,No,No
22252200,No,No,No,Yes,No,No,No
21638427,Yes,No,No,Yes,No,No,No
21616237,Yes,No,No,No,No,No,No
21830586,No,No,No,No,No,No,Yes
21952763,Yes,No,No,No,No,No,No
21734525,Yes,No,No,No,No,No,No
21751783,No,Yes,No,No,Yes,No,No
22243284,Yes,No,Yes,No,No,No,No
22156458,Yes,Yes,No,No,No,No,No
22233582,No,No,No,No,No,No,Yes
21823701,No,Yes,No,No,No,No,No
22233582,No,No,No,No,No,No,Yes
21619208,No,Yes,No,No,No,No,No
22332163,Yes,No,Yes,No,No,Yes,No
21715907,Yes,No,No,No,No,No,No
22156017,No,No,Yes,No,Yes,No,No
21977387,No,Yes,No,No,No,No,No
21910951,Yes,Yes,No,No,No,No,No
22043477,Yes,No,No,No,No,No,No
22256172,No,Yes,No,No,Yes,No,No
21723882,No,Yes,No,No,No,No,No
21619544,No,Yes,No,No,No,No,No
21748144,No,No,No,Yes,No,No,No
22085748,Yes,No,No,Yes,No,No,No
21703814,No,Yes,No,No,No,No,No
21867532,No,Yes,No,No,No,No,No
22258339,Yes,No,No,No,No,No,No
21875777,No,Yes,No,Yes,No,No,No
21878472,Yes,No,No,No,No,No,No
21914164,No,No,Yes,Yes,Yes,No,No
22083140,No,Yes,Yes,No,No,Yes,No
21717905,Yes,No,No,No,No,No,No
21621214,No,Yes,No,No,No,No,No
21652265,Yes,No,No,No,Yes,No,No
22345418,No,Yes,Yes,No,Yes,No,No
21670464,No,Yes,No,No,No,No,No
22362195,No,Yes,No,No,Yes,No,No
22224459,Yes,No,No,No,No,No,No
22327196,No,Yes,No,No,No,No,No
22341043,No,Yes,Yes,No,No,No,No
21690703,Yes,No,No,No,No,No,No
22341057,Yes,No,No,Yes,No,No,No
22303579,No,No,No,No,No,No,Yes
21788057,No,No,No,No,Yes,No,Yes
22121202,No,Yes,No,No,Yes,No,No
22145205,Yes,No,No,No,No,No,No
21802644,Yes,No,No,No,No,No,No
21722027,Yes,No,No,No,Yes,No,No
22107497,No,Yes,No,Yes,No,No,No
21928317,No,Yes,No,No,Yes,No,No
22260059,Yes,No,No,No,No,No,No
22382188,Yes,No,No,No,No,No,No
22290934,No,Yes,Yes,No,No,No,No
21776966,No,No,No,No,No,No,Yes
22012056,Yes,No,Yes,No,No,No,No
21969360,Yes,No,No,Yes,No,No,No
22148179,No,Yes,No,No,No,No,No
22371398,Yes,No,No,No,No,No,No
21642273,No,Yes,No,No,No,No,No
22283232,No,Yes,No,Yes,No,No,No
21882713,No,Yes,No,Yes,Yes,No,No
22061520,No,Yes,No,No,No,No,No
22231680,No,Yes,No,No,No,No,No
21762062,Yes,No,No,No,No,No,No
21743016,No,Yes,No,No,No,No,No
21909902,No,Yes,No,Yes,No,No,No
22146455,Yes,No,Yes,No,No,No,No
22193094,Yes,No,No,No,No,No,No
22148151,No,Yes,No,No,No,No,No
22106301,Yes,No,No,No,No,No,No
22066709,No,Yes,No,No,Yes,No,No
22363701,Yes,No,No,No,No,No,No
22314215,Yes,No,Yes,No,Yes,No,No
21963113,No,Yes,No,No,Yes,No,No
21929822,No,Yes,No,Yes,No,No,No
21650989,No,No,No,No,No,No,Yes
21911713,No,Yes,No,No,Yes,No,No
22239979,Yes,No,No,No,No,No,No
22090371,No,Yes,No,Yes,No,No,No
21622219,Yes,No,No,Yes,No,No,No
22080993,No,Yes,No,No,No,No,No
22369803,Yes,No,No,No,No,No,No
22078475,Yes,No,No,No,No,No,No
21659641,No,No,No,No,No,No,Yes
22051730,Yes,No,No,No,No,No,No
21965125,Yes,No,No,No,No,No,No
22095203,Yes,No,No,No,No,No,No
21611381,Yes,No,No,No,No,No,No
22107556,Yes,No,No,Yes,No,No,No
22298956,No,Yes,No,No,No,No,No
22358949,Yes,No,No,No,No,No,No
22363435,Yes,No,Yes,No,No,No,No
21985081,No,Yes,No,No,No,No,No
22324068,No,Yes,No,Yes,No,No,No
22260623,Yes,No,No,No,No,No,No
21707008,No,No,No,Yes,No,No,No
22017036,Yes,No,No,No,No,No,No
21598419,No,No,No,No,No,No,Yes
22090690,Yes,No,No,Yes,No,No,No
21705273,No,No,No,No,No,No,Yes
22280316,Yes,No,No,Yes,Yes,No,No
22033044,Yes,No,No,No,Yes,No,No
22241381,No,Yes,No,No,No,No,No
22263154,Yes,No,No,No,No,No,No
21835672,Yes,No,No,No,No,No,No
21661802,No,Yes,No,No,No,No,No
21995892,No,Yes,No,No,No,No,No
21801907,No,Yes,No,No,No,Yes,No
22150852,Yes,No,No,No,No,No,No
22353595,Yes,No,No,No,No,No,No
22206058,Yes,No,No,No,No,No,No
22188345,Yes,No,No,No,No,No,No
21760678,Yes,No,No,No,No,No,No
22014307,No,No,No,No,Yes,No,No
21768957,Yes,No,No,Yes,No,No,No
21955164,Yes,No,Yes,No,Yes,No,No
21671206,No,Yes,No,No,No,No,No
22195909,No,Yes,No,No,No,No,No
22372807,Yes,No,Yes,No,No,No,No
21996293,No,No,No,No,No,No,Yes
21848348,Yes,No,No,No,Yes,No,No
21978565,Yes,No,Yes,No,No,No,No
22237752,No,No,No,No,No,No,Yes
21980942,Yes,No,No,No,No,No,No
22192362,No,No,No,No,No,No,Yes
22195535,Yes,No,No,No,No,No,No
21645367,Yes,No,No,No,No,No,No
21738511,Yes,No,No,No,No,No,No
21752037,Yes,No,No,No,No,No,No
21720903,Yes,No,No,No,No,No,No
22021826,Yes,No,No,No,No,No,No
22383682,No,No,No,No,No,No,Yes
21609673,Yes,No,No,Yes,Yes,No,No
21685545,Yes,No,No,Yes,No,No,No
22166629,Yes,No,No,No,No,No,No
22159499,Yes,Yes,No,Yes,No,No,No
21934688,No,Yes,No,Yes,Yes,No,No
22145437,No,No,No,No,No,No,Yes
22156848,Yes,No,Yes,No,Yes,No,No
22130694,Yes,No,No,No,No,No,No
22245436,No,Yes,No,No,No,No,No
22113127,Yes,No,Yes,No,No,No,No
21802071,Yes,No,No,Yes,No,No,No
22129049,Yes,No,No,No,No,No,No
21680009,Yes,No,No,No,No,No,No
22147972,Yes,No,No,No,No,No,No
21697670,Yes,No,No,No,No,No,No
21859840,No,No,No,No,No,No,Yes
21970240,No,Yes,No,No,No,No,No
21954905,No,Yes,No,No,No,No,No
22167585,Yes,No,No,No,No,No,No
21723891,Yes,No,No,No,Yes,No,No
21596487,Yes,No,No,No,No,No,No
22075787,Yes,No,No,No,No,No,No
22319452,Yes,No,No,No,No,No,No
22165114,No,Yes,No,No,No,No,No
22233582,No,No,No,No,No,No,Yes
22100583,Yes,No,No,No,No,No,No
21654952,Yes,No,No,No,No,No,No
22085287,Yes,No,No,No,Yes,No,No
22075772,Yes,No,No,No,Yes,No,No
22366226,Yes,No,No,No,No,No,No
21771856,No,Yes,No,No,No,No,No
21759865,No,No,No,No,No,No,Yes
22362766,Yes,No,No,Yes,Yes,No,No
22076485,No,Yes,No,No,No,No,No
21676368,Yes,No,No,No,Yes,No,No
21676464,Yes,No,No,No,No,No,No
21924510,No,No,No,No,No,No,Yes
22155366,Yes,No,No,No,No,No,No
21718623,Yes,No,No,No,No,No,No
22073575,Yes,No,Yes,No,No,No,No
22364258,Yes,No,No,No,No,No,No
22141019,No,No,No,No,Yes,No,No
21847254,No,Yes,No,No,Yes,No,No
22145798,Yes,No,No,No,No,No,No
21595422,Yes,No,No,Yes,Yes,No,No
22155818,Yes,No,No,No,No,No,No
22035219,Yes,No,No,No,No,No,No
22394163,No,Yes,No,No,No,No,No
22390085,No,Yes,No,No,Yes,No,No
21713082,Yes,No,No,Yes,No,No,No
22315913,Yes,No,No,No,Yes,Yes,No
22230225,No,No,No,No,No,No,Yes
21871866,No,Yes,No,No,No,No,No
21935672,No,Yes,No,No,No,No,No
21762239,No,No,No,No,No,No,Yes
21678825,No,Yes,No,Yes,No,No,No
21621827,Yes,No,No,No,Yes,No,No
22008925,No,Yes,No,No,Yes,No,No
22014541,Yes,No,No,No,No,No,No
22113196,Yes,No,No,Yes,Yes,No,No
21997407,No,Yes,No,Yes,No,No,No
22233904,No,Yes,No,No,No,Yes,No
22278199,Yes,No,No,No,No,No,No
21817001,Yes,No,No,No,Yes,No,No
22211412,Yes,No,No,No,No,No,No
22107118,No,Yes,No,No,Yes,No,No
21654885,Yes,No,No,No,No,No,No
22333975,No,Yes,No,No,No,No,No
22220902,No,No,No,No,No,No,Yes
22271547,No,No,No,No,No,No,Yes
22162633,No,Yes,No,Yes,No,No,No
21653782,No,Yes,No,No,No,No,No
21953118,No,Yes,No,No,Yes,No,No
21940941,No,Yes,No,No,No,No,No
22372563,Yes,No,No,Yes,No,No,No
22259586,No,Yes,Yes,No,Yes,No,No
21867601,No,No,Yes,No,No,No,No
22353568,Yes,Yes,No,Yes,Yes,No,No
21869318,No,Yes,No,No,Yes,No,No
22233582,No,No,No,No,No,No,Yes
21868673,No,Yes,No,No,No,No,No
21664573,No,Yes,No,No,Yes,No,No
22259529,Yes,No,No,No,No,No,No
21670879,No,Yes,Yes,No,No,No,No
21800287,No,Yes,No,Yes,No,No,No
21808814,No,No,No,Yes,No,No,No
21743247,No,Yes,No,No,No,No,No
22377851,No,Yes,No,Yes,No,No,No
21621472,No,Yes,No,No,No,No,No
21874205,No,Yes,No,No,No,No,No
22281804,No,Yes,No,Yes,No,No,No
22166643,Yes,Yes,No,Yes,No,No,No
21873161,Yes,No,No,Yes,No,No,No
22030538,Yes,No,No,No,No,No,No
21912460,No,Yes,No,Yes,No,No,No
21931923,No,Yes,No,No,No,No,No
21851626,Yes,No,No,No,No,No,No
21944155,No,Yes,No,No,No,No,No
22251518,No,Yes,Yes,Yes,No,No,No
22364936,No,No,No,Yes,No,No,No
22141051,Yes,No,No,No,No,No,No
22074023,No,Yes,No,No,No,No,No
22210434,Yes,Yes,Yes,No,No,Yes,No
21900530,Yes,No,No,No,No,No,No
21614179,No,No,No,Yes,No,No,No
22113780,No,Yes,No,No,No,No,No
21904435,Yes,No,No,Yes,Yes,No,No
22222558,Yes,No,No,Yes,No,No,No
21674726,No,Yes,Yes,No,No,No,No
21751225,Yes,No,Yes,No,Yes,No,No
21657182,No,No,No,Yes,No,No,No
22234137,No,Yes,No,No,No,No,No
21922817,Yes,No,No,Yes,No,No,No
21995409,Yes,No,No,Yes,No,No,No
22295747,No,Yes,No,No,No,No,No
22373265,Yes,Yes,No,No,No,No,No
22338582,No,No,No,Yes,No,No,No
22225455,Yes,No,No,No,Yes,No,No
22165467,Yes,No,No,No,No,No,No
22005938,Yes,No,No,Yes,Yes,No,No
22370687,No,Yes,No,Yes,No,No,No
21599203,Yes,No,No,No,No,No,No
21869293,Yes,No,No,No,Yes,No,No
22176166,No,Yes,No,No,No,No,No
21692549,Yes,Yes,No,No,No,No,No
21823981,No,Yes,No,No,Yes,No,No
21653926,Yes,No,No,No,No,No,No
21748858,Yes,No,No,No,Yes,No,No
21817137,Yes,No,Yes,No,No,No,No
21998810,Yes,No,No,Yes,No,No,No
22251705,No,No,No,Yes,Yes,No,No
21767830,No,Yes,No,No,No,No,No
21912490,Yes,No,No,No,Yes,No,No
21842068,Yes,Yes,No,Yes,Yes,No,No
21886314,No,Yes,No,No,No,No,No
22218808,No,Yes,No,Yes,No,No,No
22330419,No,Yes,No,Yes,Yes,No,No
22170795,No,Yes,No,Yes,Yes,No,No
21874843,Yes,No,No,Yes,No,No,No
22216457,No,Yes,No,No,No,No,No
21662883,No,Yes,No,No,No,No,No
21601032,Yes,No,No,Yes,No,No,No
21753782,Yes,No,No,No,No,No,No
22076800,No,Yes,No,No,No,No,No
21664504,No,No,No,No,Yes,No,No
22314699,No,Yes,No,Yes,No,No,No
21864547,No,No,No,Yes,No,No,No
21984097,No,Yes,No,No,No,No,No
21687653,Yes,No,No,Yes,No,No,No
22077633,Yes,No,No,No,No,No,No
21859668,Yes,No,No,No,No,No,No
21858597,No,Yes,No,No,No,No,No
21653919,No,No,No,Yes,No,No,No
22363918,No,Yes,No,Yes,No,No,No
21670526,Yes,No,No,No,No,Yes,No
21998044,No,Yes,No,Yes,No,No,No
21736816,No,Yes,No,Yes,No,No,No
22230759,No,No,No,Yes,No,No,No
21979732,No,No,No,Yes,Yes,No,No
21615392,Yes,Yes,No,Yes,Yes,Yes,No
21621059,No,Yes,No,No,No,No,No
21908306,No,Yes,No,Yes,No,No,No
22235398,Yes,No,No,No,No,No,No
21749086,Yes,No,Yes,Yes,Yes,No,No
22257545,Yes,No,No,Yes,No,No,No
21648693,Yes,No,No,No,No,No,No
22385761,No,Yes,No,No,Yes,No,No
22077576,Yes,Yes,No,Yes,Yes,Yes,No
21825939,Yes,No,No,No,Yes,No,No
22247714,Yes,No,No,No,Yes,No,No
21725564,Yes,No,No,No,No,Yes,No
22326245,Yes,No,No,No,No,No,No
22282409,No,Yes,No,No,No,No,No
22134438,No,Yes,No,Yes,No,No,No
21771085,No,Yes,No,No,Yes,No,No
22069194,No,Yes,No,No,No,No,No
22240856,No,No,No,No,No,No,Yes
22039520,No,No,No,Yes,Yes,No,No
22307331,No,Yes,No,No,No,No,No
22164745,No,Yes,No,No,No,No,No
22199309,Yes,No,No,No,No,No,No
22046340,Yes,No,Yes,No,No,No,No
22146999,No,Yes,No,Yes,Yes,No,No
22311799,No,No,No,No,Yes,No,No
22013522,No,Yes,No,No,Yes,No,No
22269345,Yes,No,No,Yes,Yes,No,No
22157988,Yes,No,No,No,No,No,No
22286009,No,Yes,No,Yes,No,No,No
21870179,No,Yes,No,No,No,No,No
21747277,No,Yes,No,No,No,No,No
21915061,Yes,No,No,No,No,No,No
21887221,No,No,Yes,No,No,No,No
21812398,No,No,Yes,No,No,No,No
22307610,No,No,No,No,No,No,Yes
22085798,Yes,No,No,Yes,No,No,No
21676014,Yes,No,No,No,No,No,No
22042856,Yes,No,No,No,Yes,No,No
21828196,Yes,No,No,No,Yes,No,No
22315117,Yes,No,No,No,No,No,No
21727468,Yes,No,No,No,No,No,No
21761201,No,Yes,No,No,Yes,No,No
22065234,No,Yes,No,No,No,No,No
21713278,Yes,No,No,No,Yes,No,No
22261283,Yes,No,Yes,No,No,No,No
21747563,Yes,No,No,Yes,No,No,No
22098828,No,Yes,No,No,No,No,No
21999757,Yes,No,No,Yes,No,No,No
21892944,No,No,Yes,No,No,No,No
21863098,No,Yes,No,No,No,No,No
22155413,Yes,No,No,No,No,No,No
21599452,No,Yes,No,No,No,No,No
22355562,No,No,No,No,No,No,Yes
22260375,Yes,No,No,No,No,No,No
22055484,Yes,No,No,No,No,No,No
21590720,Yes,No,No,No,No,No,No
21778784,No,Yes,No,No,Yes,No,No
21668033,Yes,No,No,No,No,No,No
22363974,No,No,Yes,No,No,No,No
22240478,No,Yes,No,No,No,No,No
22306573,Yes,No,No,Yes,No,No,No
21831124,No,Yes,No,No,No,No,No
22060521,Yes,No,No,Yes,No,No,No
21814273,Yes,No,No,Yes,No,No,No
21668178,No,No,Yes,No,No,No,No
21777985,No,Yes,No,No,No,No,No
21925876,Yes,No,No,No,No,No,No
21679271,No,Yes,No,No,No,No,No
22053439,No,No,No,No,Yes,No,No
21731932,No,Yes,No,Yes,No,No,No
22257737,No,Yes,No,No,Yes,No,No
22256703,No,Yes,No,No,No,No,No
22300379,Yes,No,No,Yes,No,No,No
22195421,Yes,No,No,No,Yes,No,No
21666513,No,No,No,No,Yes,No,No
21600495,No,No,No,No,No,No,Yes
22029821,Yes,No,No,Yes,No,No,No
21975877,Yes,No,No,No,No,No,No
22160960,No,No,No,No,No,Yes,No
21778027,No,No,No,No,No,No,Yes
22000702,No,Yes,No,No,No,No,No
21591161,Yes,No,No,No,No,No,No
21735133,No,No,No,Yes,No,No,No
22096094,No,Yes,No,No,No,No,No
22359311,No,Yes,No,No,No,No,No
21900177,Yes,No,No,Yes,No,No,No
22303338,No,No,Yes,No,No,No,No
21914841,Yes,No,No,No,No,No,No
21875128,No,Yes,No,No,No,No,No
22361498,Yes,No,No,No,No,No,No
21621412,No,Yes,No,No,Yes,No,No
21880570,No,Yes,No,Yes,No,No,No
22388415,No,Yes,No,No,Yes,No,No
22263115,No,Yes,No,No,No,No,No
22010431,No,No,No,No,Yes,No,No
22008862,Yes,No,No,No,Yes,No,No
21724528,Yes,No,No,No,No,No,No
21595399,No,No,No,No,No,No,Yes
22277703,No,Yes,No,No,No,No,No
21671254,No,No,No,No,Yes,No,No
21945689,Yes,No,No,No,Yes,No,No
21739461,No,No,No,No,No,No,Yes
22303773,Yes,No,No,Yes,Yes,No,No
22389047,No,No,No,Yes,No,No,No
22131096,Yes,No,No,No,No,No,No
22214989,No,No,No,No,No,No,Yes
21859533,Yes,No,Yes,No,No,No,No
21612568,No,Yes,No,No,No,No,No
22231498,No,Yes,No,No,Yes,No,No
21593760,Yes,No,No,No,No,No,No
21948969,No,No,Yes,No,Yes,No,No
22233582,No,No,No,No,No,No,Yes
21884407,Yes,No,No,Yes,No,No,No
21899655,Yes,No,No,No,No,No,No
21654678,No,Yes,No,No,Yes,No,No
21789896,Yes,No,No,No,No,No,No
22378746,No,Yes,No,No,No,No,No
21983265,No,No,No,No,No,No,Yes
21927465,Yes,No,No,No,No,No,No
22079045,Yes,No,No,Yes,No,No,No
21600495,No,No,No,No,No,No,Yes
22249085,Yes,No,No,Yes,Yes,No,No
22146535,No,No,Yes,No,No,No,No
22129333,Yes,No,No,No,No,No,No
21924464,No,Yes,No,No,No,No,No
22362089,Yes,No,No,Yes,No,No,No
21979671,No,Yes,No,No,Yes,No,No
22323850,No,Yes,No,No,No,No,No
21619658,No,No,No,No,Yes,No,No
22029247,No,Yes,No,No,No,No,No
22355705,No,Yes,No,Yes,Yes,No,No
21610140,Yes,No,Yes,Yes,Yes,No,No
22233582,No,No,No,No,No,No,Yes
22033394,Yes,No,No,Yes,No,No,No
21671021,No,Yes,No,Yes,Yes,No,No
22180801,Yes,No,No,No,No,No,No
22093296,No,Yes,No,Yes,No,No,No
22397173,Yes,No,No,No,No,No,No
22019927,No,Yes,No,Yes,No,No,No
22054306,Yes,No,Yes,No,Yes,No,No
21722597,No,Yes,No,Yes,Yes,No,No
22122715,Yes,No,No,No,No,No,No
22381578,Yes,No,Yes,No,No,No,No
22145056,Yes,No,No,No,Yes,No,No
21912085,Yes,No,No,No,Yes,No,No
21922729,Yes,No,No,No,Yes,No,No
22103564,Yes,No,No,No,No,No,No
21980835,Yes,No,No,No,No,No,No
21970929,No,No,Yes,No,No,Yes,No
22233582,No,No,No,No,No,No,Yes
22023544,No,Yes,No,No,No,No,No
22349057,No,Yes,No,No,Yes,No,No
22308634,Yes,No,No,No,No,No,No
21831777,No,Yes,No,No,No,Yes,No
21770585,Yes,No,No,No,Yes,No,No
21830884,No,Yes,No,Yes,No,Yes,No
21867619,No,No,Yes,No,No,No,No
22214864,Yes,No,No,No,Yes,No,No
22096452,Yes,No,No,Yes,Yes,No,No
22314340,Yes,No,No,No,No,No,No
22131884,No,Yes,No,No,Yes,No,No
21659547,Yes,No,No,Yes,No,No,No
22132029,No,Yes,No,Yes,No,No,No
21787488,No,Yes,No,Yes,Yes,No,No
21746319,Yes,No,No,No,Yes,No,No
22000341,No,No,Yes,No,No,No,No
21622727,No,Yes,No,No,No,No,No
22240980,No,Yes,No,No,Yes,No,No
22354712,Yes,No,No,No,No,No,No
22116548,No,No,Yes,No,Yes,No,No
22318671,No,No,Yes,No,No,No,No
22017956,Yes,No,No,No,No,No,No
22226676,Yes,No,No,No,No,No,No
22342381,Yes,No,No,No,No,No,No
22222279,No,No,No,No,No,No,Yes
21952502,No,Yes,No,Yes,No,No,No
21642940,No,Yes,No,No,No,No,No
21902446,Yes,No,No,No,No,No,No
22121780,No,Yes,No,No,No,No,No
22035611,No,No,No,No,Yes,No,No
22176517,Yes,No,No,No,No,No,No
22014936,Yes,No,No,No,Yes,No,No
21597707,No,No,No,Yes,No,No,No
22338528,Yes,No,No,No,No,No,No
21659145,Yes,No,Yes,No,No,No,No
21791372,Yes,No,No,No,No,No,No
21855859,Yes,No,No,No,No,No,No
22045616,Yes,No,No,No,No,No,No
22225675,Yes,No,No,Yes,No,No,No
21778894,No,No,No,No,No,No,Yes
22145615,No,No,No,No,No,No,Yes
22229912,Yes,No,No,No,No,No,No
22146800,No,Yes,No,Yes,No,No,No
22148297,Yes,No,No,No,Yes,No,No
21874865,Yes,No,No,Yes,No,No,No
21728814,No,Yes,No,Yes,No,No,No
21896919,Yes,No,No,No,No,No,No
22096585,Yes,No,No,No,No,No,No
22047684,Yes,No,No,No,No,No,No
22146333,Yes,No,No,No,No,No,No
22222109,Yes,No,Yes,No,No,No,No
21882445,No,No,No,No,No,No,Yes
21988101,Yes,No,No,No,No,No,No
21938619,No,No,No,No,No,No,Yes
21953172,No,No,No,No,No,No,Yes
21600432,No,No,No,Yes,No,No,No
22106301,Yes,No,No,No,No,No,No
21862118,Yes,No,No,No,No,No,No
22049804,Yes,No,No,Yes,No,No,No
22205342,No,No,Yes,No,No,No,Yes
22149436,Yes,No,No,No,No,No,No
21922248,No,Yes,No,No,No,No,No
21591624,Yes,No,No,No,No,No,No
22370680,Yes,No,No,Yes,No,No,No
22142844,No,Yes,No,No,No,No,No
22347939,Yes,No,No,No,No,No,No
21954708,Yes,No,No,No,No,No,No
22120336,Yes,No,No,No,No,No,No
22157347,Yes,No,No,No,No,No,No
21896514,Yes,No,No,No,No,No,No
21927514,No,No,Yes,No,No,No,No
21921326,Yes,No,No,No,No,No,No
22266675,Yes,No,No,No,No,No,No
22321732,Yes,No,No,No,No,No,No
21671756,Yes,No,No,No,No,No,No
21911891,Yes,No,Yes,No,No,No,No
21689292,Yes,No,No,No,No,No,No
21678871,Yes,No,No,Yes,No,No,No
22396837,No,No,No,No,No,No,Yes
21928845,Yes,No,No,No,No,No,No
21698750,No,No,No,Yes,No,No,No
22131467,Yes,No,No,No,No,No,No
22267688,Yes,No,No,Yes,No,No,No
21689967,Yes,No,No,No,No,No,No
22389391,Yes,No,No,No,No,No,No
22143258,Yes,No,Yes,No,No,No,No
22128174,Yes,No,No,No,No,No,No
21666407,Yes,No,No,No,No,No,No
22018490,Yes,No,No,No,Yes,No,No
22257423,Yes,No,No,No,No,No,No
22307609,Yes,No,No,No,No,No,No
21953732,Yes,No,No,No,No,No,No
22369414,Yes,No,No,No,No,No,No
21813151,No,Yes,No,No,No,No,No
21985649,No,No,No,No,No,No,Yes
22310762,No,No,Yes,No,No,No,No
21596012,Yes,No,No,No,No,No,No
21593689,No,Yes,No,No,No,No,No
21864914,Yes,No,No,No,No,No,No
22040424,Yes,No,No,Yes,No,No,No
22091732,No,Yes,No,No,No,No,No
21736101,Yes,No,No,No,No,No,No
22244930,Yes,No,No,Yes,No,No,No
21976419,Yes,No,No,No,No,No,No
21932683,Yes,No,No,No,No,No,No
21762376,Yes,No,No,No,No,No,No
22111653,Yes,No,No,No,No,No,No
21626110,Yes,No,No,No,No,No,No
21806542,Yes,No,No,No,No,No,No
21782587,Yes,No,No,No,Yes,No,No
22031843,Yes,No,No,No,Yes,No,No
22112255,Yes,No,No,No,No,No,No
22384696,Yes,No,No,No,No,No,No
22310110,Yes,No,No,Yes,No,No,No
21998755,Yes,No,No,No,No,No,No
22289756,No,No,No,Yes,No,No,No
21870770,Yes,No,No,No,No,No,No
22352970,Yes,No,No,Yes,No,No,No
21615482,Yes,No,No,No,No,No,No
22090603,Yes,No,No,No,No,No,No
22105713,No,Yes,No,No,No,No,No
21875186,Yes,No,No,No,Yes,No,No
21761540,Yes,No,No,No,No,No,No
22012338,Yes,No,No,No,No,No,No
22285512,Yes,No,No,No,No,No,No
21906939,No,No,Yes,No,No,No,No
22281379,Yes,No,No,No,No,No,No
22279267,No,No,No,No,No,No,Yes
22012251,Yes,No,No,No,No,No,No
22080669,Yes,No,No,No,No,No,No
22233582,No,No,No,No,No,No,Yes
22311482,Yes,No,Yes,No,No,No,No
22136571,No,No,Yes,No,No,No,No
21790017,Yes,No,No,No,No,No,No
21855654,Yes,No,Yes,No,No,No,No
22275109,Yes,No,No,No,No,No,No
21975606,Yes,No,No,No,No,No,No
21651728,No,No,No,No,No,No,Yes
22015665,Yes,No,No,No,No,No,No
21767948,Yes,No,No,Yes,No,No,No
22142152,Yes,No,No,No,No,No,No
22317475,Yes,No,No,No,No,No,No
22168429,Yes,No,No,No,No,No,No
22387961,Yes,No,No,No,No,No,No
22143541,Yes,No,No,No,No,No,No
22283178,Yes,No,No,No,Yes,No,No
21934636,Yes,No,No,Yes,No,No,No
21824977,Yes,No,No,No,No,No,No
21819595,Yes,No,No,No,No,No,No
22095901,Yes,No,Yes,No,No,No,No
21780622,No,No,Yes,No,No,No,No
22208775,Yes,No,No,No,No,No,No
21945534,Yes,No,No,No,No,No,No
22241644,Yes,No,No,No,No,No,No
21870878,Yes,No,No,Yes,Yes,No,No
22088562,Yes,No,No,No,No,No,No
22069050,Yes,No,No,No,No,No,No
21595883,Yes,No,No,No,No,No,No
22277716,Yes,No,No,No,No,No,No
22286400,No,Yes,No,No,Yes,No,No
22113192,Yes,No,Yes,No,No,No,No
21805020,No,Yes,No,Yes,No,No,No
21722442,Yes,No,No,Yes,No,No,No
21773252,No,Yes,No,No,No,No,No
21899840,Yes,No,No,Yes,Yes,No,No
21792100,Yes,No,No,No,No,No,No
22378008,Yes,No,No,No,No,No,No
21760569,No,Yes,No,No,No,No,No
21940543,Yes,No,No,No,No,No,No
22278542,Yes,No,No,No,No,No,No
21943749,No,No,No,No,No,No,Yes
22311397,Yes,No,Yes,No,No,No,No
21945416,No,No,No,No,No,No,Yes
22066294,Yes,No,No,No,No,No,No
22025926,Yes,No,No,No,No,No,No
21845293,Yes,No,No,No,No,No,No
22068855,Yes,No,No,No,No,No,No
22274580,Yes,No,No,No,No,No,No
22056506,No,Yes,No,No,No,No,No
21617592,Yes,No,No,No,No,No,No
21902229,Yes,No,No,No,Yes,No,No
22400217,Yes,No,No,No,No,No,No
21751346,Yes,No,No,No,No,No,No
21937641,Yes,No,No,No,No,No,No
21830733,Yes,No,No,No,No,No,No
21967358,Yes,No,No,No,No,No,No
21773769,Yes,No,No,No,No,No,No
21891750,Yes,No,No,No,Yes,No,No
21923027,Yes,No,No,No,No,No,No
21991673,Yes,No,No,No,No,No,No
21836140,Yes,No,No,No,No,No,No
22145787,Yes,No,No,No,No,No,No
21894595,Yes,No,No,No,No,No,No
22272149,Yes,No,No,No,No,No,No
21953172,No,No,No,No,No,No,Yes
22176854,No,No,No,No,No,No,Yes
21688635,Yes,No,No,No,No,No,No
21970191,Yes,No,No,No,No,No,No
22032899,Yes,No,No,No,No,No,No
21716233,No,Yes,No,No,No,No,No
22377997,Yes,No,No,No,No,No,No
21624661,Yes,No,No,Yes,No,No,No
22389728,No,No,No,No,No,No,Yes
21690332,Yes,No,No,No,No,No,No
21865343,Yes,No,No,No,No,No,No
22370989,Yes,No,No,No,No,No,No
21739471,Yes,No,No,No,No,No,No
21728619,No,Yes,No,No,No,No,No
21936588,No,Yes,No,Yes,No,No,No
21591473,Yes,No,No,No,No,No,No
21639404,Yes,No,No,Yes,No,No,No
21772580,Yes,No,No,No,No,No,No
21943434,No,No,No,Yes,Yes,No,No
21970271,Yes,No,No,No,No,No,No
21878023,No,Yes,No,No,No,No,No
22269478,Yes,No,No,No,No,No,No
21693568,No,No,No,No,No,No,Yes
22397113,Yes,No,No,No,No,No,No
21626184,Yes,No,Yes,No,No,No,No
21619738,Yes,No,No,No,No,No,No
21822679,Yes,No,No,Yes,Yes,No,No
21624837,Yes,No,No,No,No,No,No
21965801,Yes,No,No,No,No,No,No
22264915,No,No,Yes,No,No,No,No
22180343,Yes,No,No,No,No,No,No
21863199,Yes,No,No,Yes,No,No,No
21904781,Yes,No,No,Yes,No,Yes,No
21695167,Yes,No,No,No,No,No,No
21748590,Yes,No,No,No,No,No,No
21878308,Yes,No,No,Yes,No,No,No
22396884,Yes,No,Yes,No,No,No,No
22347339,Yes,No,No,Yes,No,No,No
21687965,Yes,No,No,Yes,No,No,No
22269957,Yes,No,No,Yes,No,No,No
22124376,Yes,No,No,No,No,No,No
22377599,Yes,No,Yes,No,No,No,No
22276432,Yes,No,No,No,No,No,No
22237695,Yes,No,No,Yes,No,No,No
22126804,No,No,Yes,No,No,No,No
21954475,Yes,No,No,No,No,No,No
21708690,Yes,No,No,No,Yes,No,No
21725244,Yes,No,No,No,No,No,No
22152209,No,No,No,No,No,No,Yes
21950407,Yes,No,No,Yes,No,No,No
22096237,Yes,No,No,Yes,No,No,No
21911351,Yes,No,No,No,No,No,No
22233582,No,No,No,No,No,No,Yes
22143687,Yes,No,No,No,No,No,No
21946543,No,No,No,No,No,No,Yes
21785130,Yes,No,Yes,No,No,No,No
21668707,Yes,No,No,Yes,No,No,No
21670946,Yes,No,No,No,No,No,No
21847563,No,No,No,No,No,No,Yes
22110237,No,Yes,No,No,No,No,No
22240611,Yes,No,No,Yes,No,No,No
21682026,Yes,No,No,No,No,No,No
22001920,Yes,No,No,No,No,No,No
22297664,Yes,No,Yes,No,No,No,No
22233246,Yes,No,No,No,No,No,No
21649080,Yes,No,No,No,No,No,No
22007592,No,Yes,No,No,No,No,No
22142481,Yes,No,No,Yes,No,No,No
21860035,Yes,No,No,No,No,No,No
22349875,Yes,No,No,No,No,No,No
22349895,Yes,No,No,No,No,No,No
21980255,Yes,No,No,No,No,No,No
22271966,Yes,No,No,No,No,No,No
22283182,Yes,No,No,No,No,No,No
21929527,Yes,No,No,No,No,No,No
22305390,Yes,No,No,No,No,No,No
21716332,No,No,No,Yes,No,Yes,No
21863306,Yes,No,Yes,No,No,No,No
22076700,Yes,No,No,No,No,No,No
22125526,Yes,No,No,Yes,No,No,No
22396018,Yes,No,No,No,Yes,No,No
22234032,Yes,No,No,No,Yes,No,No
21609183,Yes,No,Yes,No,No,No,No
22259381,No,Yes,No,No,No,No,No
22104771,Yes,No,No,No,No,No,No
22063973,No,No,No,No,No,No,Yes
21671835,No,No,No,No,Yes,No,No
21846965,Yes,No,No,Yes,No,No,No
21598049,Yes,No,No,Yes,No,No,No
22090100,Yes,No,No,No,No,No,No
22341922,Yes,No,No,No,No,No,No
21879366,Yes,No,No,Yes,No,No,No
21957690,No,Yes,No,No,No,No,No
21718468,No,No,No,No,No,No,Yes
21781711,Yes,No,No,No,No,No,No
21834650,Yes,No,No,No,No,No,No
21966261,No,No,No,No,No,No,Yes
21599908,No,No,No,No,No,No,Yes
21860475,Yes,No,No,No,Yes,No,No
21967392,Yes,No,No,No,No,No,No
22032504,Yes,No,No,No,No,No,No
22333929,Yes,No,No,No,No,No,No
21761720,Yes,No,No,No,Yes,No,No
21681396,Yes,No,No,No,No,No,No
22013115,No,No,No,Yes,No,No,Yes
22312563,Yes,No,No,No,No,No,No
21845096,Yes,No,No,No,No,No,No
21930151,Yes,No,No,No,No,No,No
21870558,Yes,No,No,No,No,No,No
21807565,No,No,No,No,No,No,Yes
21801703,Yes,No,No,No,No,No,No
21892567,No,Yes,No,Yes,No,No,No
22388497,No,No,Yes,Yes,Yes,No,No
21874864,No,No,No,No,No,No,Yes
21979252,Yes,No,No,No,No,No,No
21966718,Yes,No,No,Yes,No,No,No
21787185,Yes,No,No,No,No,No,No
21724934,Yes,No,No,No,No,No,No
22343386,No,Yes,No,No,No,No,No
21965914,Yes,No,No,Yes,No,No,No
22135716,Yes,No,No,Yes,No,No,No
21667303,Yes,No,No,Yes,No,No,No
21903936,Yes,No,No,No,Yes,No,No
21600495,No,No,No,No,No,No,Yes
22200144,Yes,No,No,No,No,No,No
21973976,Yes,No,No,No,No,No,No
21836075,Yes,No,Yes,No,No,No,No
21812185,Yes,No,No,Yes,No,No,No
22402707,Yes,No,No,Yes,No,No,No
21791232,Yes,No,No,No,No,No,No
21788243,Yes,No,No,No,No,No,No
22169420,No,Yes,No,No,No,No,No
21736815,No,No,No,No,No,No,Yes
22107034,No,No,No,Yes,No,No,Yes
22315201,Yes,No,Yes,Yes,No,No,No
21637869,No,No,No,No,No,No,Yes
21720863,Yes,No,No,Yes,No,No,No
22067614,No,Yes,No,No,No,No,No
22002480,Yes,No,No,Yes,Yes,No,No
21808243,Yes,No,No,No,No,No,No
21778163,Yes,No,No,No,No,Yes,No
22326978,Yes,No,No,Yes,No,Yes,No
21801937,Yes,No,No,Yes,No,No,No
21821242,Yes,No,No,No,No,No,No
21873211,Yes,No,No,Yes,No,No,No
22338606,No,No,Yes,No,No,No,No
22259812,Yes,No,No,No,No,No,No
21637327,Yes,No,No,No,No,No,No
22023141,Yes,No,No,No,No,No,No
21616552,Yes,No,No,No,No,No,No
22025137,No,No,No,No,No,No,Yes
22269377,Yes,No,No,No,No,No,No
21627148,Yes,No,No,No,No,No,No
21812775,No,No,Yes,Yes,No,No,No
21755555,No,No,No,Yes,No,No,No
21999296,Yes,No,No,Yes,No,No,No
22125314,Yes,No,No,No,No,No,No
22277552,No,No,No,No,No,No,Yes
21800007,Yes,No,No,No,No,No,No
21815344,Yes,No,No,No,No,No,No
22063902,Yes,No,No,Yes,No,No,No
22158698,Yes,No,No,Yes,No,Yes,No
22007590,No,No,Yes,Yes,Yes,No,No
22308011,Yes,No,No,No,No,No,No
22098236,Yes,No,No,No,No,No,No
21982134,Yes,No,No,No,No,No,No
22291874,Yes,No,No,No,No,No,No
21620678,No,No,No,Yes,Yes,No,No
22233631,No,No,No,No,No,No,Yes
21984627,Yes,No,No,Yes,No,No,No
21720317,Yes,No,No,Yes,No,No,No
21597179,No,No,No,No,No,No,Yes
22052643,Yes,No,No,Yes,No,No,No
21978674,Yes,No,No,No,No,No,No
21810760,Yes,No,No,No,No,No,No
22341768,Yes,No,No,Yes,No,No,No
21625943,Yes,No,No,Yes,No,No,No
21952908,Yes,No,No,Yes,No,No,No
21916493,Yes,No,No,No,No,No,No
22277237,Yes,No,No,No,No,No,No
21928774,Yes,No,No,No,No,No,No
22107393,No,No,No,No,No,No,Yes
21708690,No,Yes,No,No,No,No,No
21907003,Yes,No,No,No,No,No,No
21768185,Yes,No,No,No,No,No,No
22263330,Yes,No,No,No,No,No,No
21620479,Yes,No,No,No,No,No,No
22395947,Yes,No,Yes,No,No,No,No
22162857,Yes,No,Yes,No,No,No,No
21916361,No,No,Yes,No,No,No,No
22066587,Yes,No,No,Yes,No,No,No
22211486,Yes,No,Yes,No,No,No,No
22300634,Yes,No,No,No,No,No,No
22217480,Yes,No,No,Yes,No,No,No
22282153,No,Yes,No,No,No,No,No
22385346,Yes,No,No,No,No,No,No
22097134,Yes,No,Yes,No,No,No,No
21965575,Yes,No,No,No,No,No,No
22336617,Yes,No,No,Yes,No,No,No
22022995,Yes,No,Yes,No,No,No,No
22184068,Yes,No,No,No,No,No,No
21617347,Yes,No,Yes,No,No,No,No
22082890,Yes,No,No,Yes,No,No,No
22042144,Yes,No,No,Yes,No,No,No
22106126,Yes,No,No,No,No,No,No
21665328,Yes,No,No,No,No,No,No
21959950,No,No,No,No,No,No,Yes
21984017,No,No,Yes,No,No,No,No
21848169,Yes,No,No,Yes,No,No,No
22065366,Yes,No,No,No,No,No,No
21599229,Yes,No,No,No,No,No,No
22253556,Yes,No,Yes,No,No,No,No
22114321,Yes,No,No,No,No,No,No
21829510,Yes,No,No,No,No,No,No
22033866,Yes,No,No,No,No,No,No
21620188,Yes,No,No,No,No,No,No
21998706,Yes,No,No,Yes,No,No,No
21990735,Yes,No,No,No,No,No,No
21665256,No,No,No,No,No,No,Yes
22095186,Yes,No,No,No,No,No,No
21724901,No,No,No,No,No,No,Yes
22037883,Yes,No,No,Yes,No,No,No
21989567,Yes,No,No,Yes,No,No,No
21703926,No,No,Yes,Yes,No,No,No
21929367,Yes,No,No,No,No,No,No
21600495,No,No,No,No,No,No,Yes
21664980,Yes,No,No,No,No,No,No
21944837,Yes,No,No,Yes,No,No,No
22242108,Yes,No,Yes,Yes,Yes,No,No
21622205,No,No,Yes,No,No,No,No
21912122,No,No,No,No,No,No,Yes
21856793,Yes,Yes,No,No,No,No,No
21680996,Yes,No,No,No,No,No,No
22067378,Yes,No,No,Yes,No,No,No
22067895,No,Yes,No,No,No,No,No
22095425,Yes,No,No,No,No,No,No
22106620,Yes,No,No,No,No,No,No
22231163,Yes,No,No,No,No,No,No
22092538,Yes,No,No,Yes,No,No,No
21903332,Yes,No,No,No,No,No,No
22195161,Yes,No,No,No,No,No,No
22083534,No,Yes,No,No,No,No,No
21668677,Yes,No,No,No,No,No,No
22225523,Yes,No,Yes,Yes,Yes,No,No
21654368,Yes,No,No,No,No,No,No
22101348,No,No,No,No,No,No,Yes
22105476,Yes,No,No,No,No,No,No
22195202,Yes,No,No,No,No,No,No
21780994,Yes,No,No,No,No,No,No
21874393,No,Yes,No,No,No,No,No
21965161,Yes,No,No,No,No,No,No
22083746,Yes,No,No,Yes,No,No,No
22380590,No,No,No,No,No,No,Yes
21718967,No,No,No,No,No,No,Yes
22129522,Yes,No,No,No,No,No,No
21764452,Yes,No,No,No,No,No,No
22331957,Yes,No,No,No,No,No,No
21935357,Yes,No,No,No,No,No,No
21718967,No,No,No,No,No,No,Yes
22233582,No,No,No,No,No,No,Yes
21804113,Yes,No,No,No,No,No,No
22110835,Yes,No,No,No,No,No,No
21934491,Yes,No,No,No,No,No,No
22168322,Yes,No,Yes,Yes,No,No,No
21870918,No,No,No,No,No,No,Yes
22209553,Yes,No,No,No,No,No,No
22080621,Yes,No,No,No,No,No,No
22036038,Yes,No,No,No,No,No,No
21875038,Yes,Yes,No,No,No,Yes,No
22320149,Yes,No,No,No,No,No,No
21777073,Yes,No,No,No,No,No,No
21634956,Yes,No,No,No,No,No,No
21955211,Yes,No,No,No,No,No,No
21621826,No,Yes,No,No,No,No,No
22324230,No,No,No,No,No,No,Yes
22201455,Yes,No,No,No,No,No,No
22100444,Yes,No,No,No,No,No,No
22377846,Yes,No,No,No,No,No,No
21869859,Yes,No,No,Yes,No,No,No
22240482,No,Yes,No,No,No,No,No
22073912,Yes,No,No,No,No,No,No
22129972,Yes,No,No,No,No,No,No
22261183,Yes,No,No,No,No,No,No
22301038,Yes,No,No,No,No,No,No
22199421,No,Yes,No,Yes,No,No,No
21759030,Yes,No,No,No,No,No,No
22280294,Yes,No,No,Yes,No,No,No
21923896,Yes,No,Yes,No,No,No,No
21804059,Yes,No,No,No,No,No,No
21977741,No,Yes,No,No,No,No,No
21899599,Yes,No,No,No,No,No,No
21878415,Yes,No,No,No,Yes,No,No
21811834,Yes,No,No,No,No,No,No
21732460,Yes,No,No,No,No,No,No
22259866,Yes,No,No,Yes,No,No,No
22269400,Yes,No,No,No,No,No,No
21787780,No,No,No,No,No,No,Yes
21995884,Yes,No,No,No,No,No,No
21773635,Yes,No,No,Yes,No,No,No
22249268,Yes,No,Yes,Yes,No,No,No
21590636,No,Yes,No,No,No,No,No
22196847,Yes,No,No,Yes,No,No,No
22208835,Yes,No,No,Yes,No,No,No
21752263,Yes,No,No,No,No,No,No
21679507,No,No,No,No,No,No,Yes
21616137,Yes,No,No,No,No,No,No
21938642,Yes,No,No,Yes,No,No,No
21600495,No,No,No,No,No,No,Yes
21968439,No,Yes,No,No,No,No,No
22222053,No,No,No,No,No,No,Yes
21808045,No,Yes,No,No,No,No,No
21876037,Yes,No,No,No,No,No,No
22220279,Yes,No,No,No,No,No,No
22085808,Yes,No,No,Yes,No,No,No
21943839,Yes,No,No,Yes,No,No,No
22170951,Yes,No,No,Yes,No,No,No
22088570,Yes,No,No,Yes,No,No,No
21911135,Yes,No,No,No,No,No,No
22145343,Yes,No,Yes,No,Yes,No,No
22356585,Yes,No,No,No,No,No,No
21689698,Yes,No,No,No,No,No,No
22103213,Yes,No,No,No,No,No,No
22332579,No,No,No,No,No,No,Yes
21679894,Yes,No,Yes,No,No,No,No
22197009,Yes,No,No,No,No,No,No
21670130,Yes,No,No,No,No,No,No
21874864,No,No,No,No,No,No,Yes
22203102,Yes,No,No,No,No,No,No
22288683,Yes,No,No,No,No,No,No
22355313,Yes,No,No,No,No,No,No
22097964,Yes,No,Yes,No,No,No,No
22141143,Yes,No,Yes,No,No,No,No
21856108,Yes,No,No,No,No,No,No
21758114,Yes,No,No,No,No,No,No
21909824,Yes,No,No,Yes,No,No,No
22167868,Yes,No,No,Yes,No,No,No
21946106,No,No,No,No,No,No,Yes
22203733,Yes,No,No,No,No,No,No
22098317,No,Yes,No,No,No,No,No
22100395,Yes,No,No,Yes,No,No,No
21813378,Yes,No,No,No,No,No,Yes
22386189,Yes,No,No,No,No,No,No
21986866,Yes,No,No,No,No,No,No
22355031,Yes,No,No,No,No,No,No
21927519,Yes,No,No,No,No,No,No
22287584,Yes,No,No,No,No,No,No
21795029,Yes,No,No,Yes,No,No,No
22058105,Yes,No,No,No,No,No,No
22298507,Yes,No,No,No,No,No,No
21917999,Yes,No,No,No,Yes,No,No
21902795,Yes,No,No,No,No,No,No
22085462,Yes,No,No,No,No,No,No
21834054,Yes,No,No,Yes,No,No,No
22044213,No,No,No,No,No,No,Yes
22285293,Yes,No,No,No,No,No,No
22389326,Yes,No,No,No,No,No,No
21848987,Yes,No,Yes,No,No,No,No
21706807,Yes,No,No,Yes,No,No,No
22387873,Yes,No,No,No,No,No,No
21663518,Yes,No,No,No,No,No,No
22108569,Yes,No,No,No,No,No,No
21956410,Yes,No,Yes,No,No,No,No
22365685,Yes,No,No,No,No,No,No
22324128,Yes,No,No,No,No,No,No
21780785,Yes,No,No,No,No,No,No
21719562,Yes,No,No,No,No,No,No
21849898,Yes,No,No,No,No,No,No
22233582,No,No,No,No,No,No,Yes
22285259,No,No,No,No,No,No,Yes
21797513,Yes,No,No,Yes,No,No,No
22390437,Yes,No,No,No,No,No,No
21918636,Yes,No,No,Yes,No,No,No
21882954,Yes,No,Yes,No,No,No,No
21599862,Yes,No,No,No,No,No,No
21620553,Yes,No,No,No,No,No,No
22365189,No,No,No,No,No,No,Yes
21678795,Yes,No,No,Yes,No,No,No
21988744,Yes,No,Yes,No,No,No,No
22397867,Yes,No,No,No,No,No,No
21922098,No,No,No,No,No,No,Yes
21753291,Yes,No,No,No,No,No,No
21742154,Yes,No,No,No,No,No,No
22244684,Yes,No,No,No,No,No,No
22236245,No,No,No,No,No,No,Yes
22110933,Yes,No,No,Yes,No,No,No
22155538,Yes,No,No,No,No,No,No
21809727,Yes,No,No,No,No,No,No
22393729,Yes,No,No,Yes,No,No,No
22389328,Yes,No,No,No,No,No,No
21711172,No,Yes,No,No,No,No,No
22204150,Yes,No,No,No,No,No,No
22237706,Yes,No,Yes,No,No,No,No
22330087,Yes,No,No,No,No,Yes,No
21777160,No,No,No,No,No,No,Yes
22356503,Yes,No,No,Yes,No,No,No
22221002,No,No,No,Yes,No,No,No
21995891,Yes,No,No,Yes,No,No,No
21673138,Yes,No,Yes,No,No,No,No
22292439,Yes,No,No,Yes,Yes,No,No
21748261,Yes,No,Yes,No,No,No,No
21990593,Yes,No,No,No,No,No,No
21921138,Yes,No,No,No,No,No,No
22303290,Yes,No,No,No,No,No,No
22282984,Yes,No,No,No,No,No,No
21594009,Yes,No,No,No,No,No,No
22139789,Yes,No,No,Yes,No,No,No
22087159,Yes,No,No,No,No,No,No
22194348,Yes,No,No,No,No,No,No
21901840,Yes,No,No,No,No,No,No
22035406,Yes,No,No,No,No,No,No
22016147,Yes,No,No,No,No,No,No
21665697,Yes,No,No,No,No,No,No
21601593,Yes,No,No,Yes,No,No,No
22365566,Yes,No,No,No,Yes,No,No
21723926,No,No,No,No,No,No,Yes
22285401,No,No,No,No,No,No,Yes
22381005,Yes,No,No,No,No,No,No
22389685,No,Yes,No,No,No,No,No
21907953,Yes,No,No,No,No,No,No
21693762,No,Yes,No,No,No,No,No
21664261,Yes,No,No,No,No,No,No
21903544,Yes,No,No,No,No,No,No
21869938,No,Yes,No,No,No,No,No
22307460,Yes,No,Yes,Yes,No,No,No
21948112,Yes,No,Yes,No,No,No,No
22306616,Yes,No,No,Yes,No,No,No
22375769,Yes,No,No,Yes,No,No,No
21742453,Yes,No,No,No,Yes,No,No
21666339,Yes,No,Yes,Yes,No,No,No
21752754,Yes,No,No,No,No,No,No
21993977,No,No,Yes,No,No,No,No
22118793,Yes,No,No,No,No,No,No
21858058,No,No,Yes,No,No,No,No
22108308,Yes,No,No,Yes,No,No,No
22047809,Yes,No,Yes,No,No,No,No
22033376,Yes,No,Yes,No,No,No,No
21759227,Yes,No,No,Yes,No,No,No
21945646,Yes,No,No,No,No,No,No
21815837,Yes,No,No,No,No,No,No
22053372,Yes,No,No,No,No,No,No
21630700,Yes,No,No,No,No,No,No
22260286,No,Yes,No,No,No,No,No
22374712,Yes,No,No,No,No,No,No
22300890,Yes,No,No,No,No,No,No
22308692,Yes,No,No,Yes,No,No,No
22284375,No,No,No,No,No,No,Yes
22152228,No,Yes,No,No,No,No,No
21677534,Yes,No,Yes,No,No,No,No
22392707,Yes,No,No,No,No,No,No
21947721,Yes,No,Yes,No,No,No,No
21796226,No,No,No,Yes,Yes,No,No
21638623,Yes,No,No,Yes,No,No,No
21600016,Yes,No,No,Yes,No,No,No
21786257,Yes,No,Yes,No,No,No,No
21634875,Yes,No,No,No,No,No,No
22257905,Yes,No,No,Yes,No,No,No
22367500,Yes,No,No,Yes,No,No,No
22054223,Yes,No,No,Yes,No,No,No
21736667,Yes,No,No,No,No,No,No
22006241,Yes,No,No,No,No,No,No
21670262,Yes,No,Yes,No,No,No,No
22038129,Yes,No,No,No,No,No,No
21896275,Yes,No,No,No,No,No,No
22219471,Yes,No,No,Yes,No,No,No
21905729,Yes,No,No,Yes,No,No,No
22134608,No,No,No,No,No,No,Yes
22259456,No,No,No,No,No,No,Yes
22119032,Yes,No,No,No,No,No,No
21804201,Yes,No,No,No,No,No,No
22002648,No,No,Yes,No,No,No,No
22240892,No,Yes,No,No,No,No,No
22201723,Yes,No,No,No,No,No,No
21736817,No,Yes,No,No,No,No,No
21805051,Yes,No,No,Yes,No,No,No
22147534,No,No,Yes,No,No,No,Yes
21773715,No,Yes,No,No,No,No,No
21952355,Yes,No,No,No,No,No,No
21679444,Yes,No,No,No,No,No,No
21624626,Yes,No,No,No,Yes,No,No
21665201,Yes,No,No,No,No,No,No
22310624,Yes,No,Yes,No,No,No,No
22301518,Yes,No,No,No,No,No,No
21769495,Yes,No,No,No,No,No,No
22265042,No,Yes,No,No,No,No,No
22331740,Yes,No,No,Yes,No,No,No
22382301,Yes,No,No,No,No,No,No
21757143,Yes,No,No,Yes,No,No,No
21957893,Yes,No,No,No,No,No,No
22183517,No,Yes,No,No,No,No,No
21931522,No,Yes,No,No,No,No,No
22303862,No,No,No,No,No,No,Yes
21774017,Yes,No,No,No,No,No,No
21599933,Yes,No,No,No,No,No,No
22033172,Yes,No,No,No,No,No,No
21953173,Yes,No,No,No,No,No,No
21823307,Yes,No,No,No,Yes,No,No
21666041,Yes,No,No,No,No,No,No
22106301,Yes,No,No,No,No,No,No
22175727,Yes,No,No,No,No,No,No
21710870,Yes,No,Yes,No,No,No,No
21996552,Yes,No,No,Yes,No,No,No
21615563,Yes,No,No,No,No,No,No
21984954,Yes,No,No,No,No,No,No
22211539,Yes,No,No,No,No,No,No
21933057,Yes,No,No,No,No,No,No
21986975,Yes,No,No,Yes,Yes,No,No
21875791,Yes,No,No,No,No,No,No
22055475,No,No,No,No,No,No,Yes
21637948,Yes,No,No,No,No,No,No
22251911,No,Yes,No,No,No,No,No
21953714,Yes,No,No,No,No,No,No
21924169,Yes,No,No,Yes,No,No,No
22234308,No,Yes,No,No,No,No,No
22226928,No,No,No,No,No,No,Yes
22078848,Yes,No,No,No,No,No,No
22090297,Yes,No,No,Yes,No,No,No
21941793,No,No,No,No,No,No,Yes
21668242,Yes,No,No,No,No,No,No
22084114,No,No,No,No,No,No,Yes
22151381,No,No,No,Yes,No,No,No
22147465,No,Yes,No,No,No,No,No
21665919,Yes,No,No,No,No,Yes,No
21904598,Yes,No,No,No,No,No,No
22007192,Yes,No,No,No,No,No,No
21766371,No,No,No,No,No,No,Yes
22390230,Yes,No,No,No,No,No,No
21877206,Yes,No,Yes,Yes,No,No,No
21901582,No,No,Yes,Yes,No,No,No
22078862,Yes,No,No,No,No,No,No
21928540,Yes,No,No,No,No,No,No
21869129,Yes,No,No,No,No,No,No
22334061,Yes,No,No,Yes,No,No,No
21936245,No,No,No,No,No,No,Yes
22395371,Yes,No,No,No,No,No,No
22348909,Yes,No,No,No,No,No,No
21909566,Yes,No,No,No,No,No,No
21762107,Yes,No,No,Yes,No,No,No
22025461,Yes,No,No,Yes,No,No,No
21986530,Yes,No,No,No,No,No,No
21674341,Yes,No,Yes,No,No,No,No
21822212,Yes,No,No,No,No,No,No
22165508,Yes,No,No,No,No,No,No
22111594,No,No,No,No,No,No,Yes
21718327,Yes,No,No,Yes,No,No,No
22380753,Yes,No,No,No,No,No,No
22276229,Yes,No,No,Yes,No,No,No
21846990,Yes,No,Yes,No,No,No,No
21619870,No,Yes,No,No,No,No,No
22339660,Yes,No,No,Yes,No,No,No
21683930,Yes,No,No,No,No,No,No
21629564,Yes,No,No,Yes,No,No,No
22127998,Yes,No,Yes,No,No,No,No
21744174,No,Yes,No,No,No,No,No
22075739,Yes,No,No,No,No,No,No
22067182,Yes,No,No,No,No,No,No
22112271,Yes,No,No,No,No,No,No
22095589,Yes,No,No,No,No,No,No
22056493,Yes,No,No,No,No,No,No
21947444,Yes,No,No,Yes,No,No,No
21903689,Yes,No,No,No,No,No,No
22331043,Yes,No,No,No,No,No,No
21690182,Yes,No,No,Yes,No,No,No
22002409,No,No,No,No,No,No,Yes
22332007,Yes,No,No,No,No,No,No
21948145,No,No,No,No,No,No,Yes
22391831,No,No,No,No,No,No,Yes
21654652,Yes,No,No,No,No,No,No
22023508,Yes,No,No,No,No,No,No
21780935,Yes,No,No,No,No,No,No
22109187,Yes,No,No,No,No,No,No
21684235,No,No,Yes,No,No,No,No
22036492,Yes,No,No,Yes,No,No,No
21714935,Yes,No,No,Yes,No,No,No
21867001,Yes,No,Yes,No,No,No,No
21965151,Yes,No,No,No,No,No,No
21658692,Yes,No,No,Yes,No,No,No
22007446,Yes,No,No,No,No,No,No
22237381,Yes,No,No,No,No,No,No
22151664,No,Yes,No,No,No,No,No
22144865,No,No,No,No,No,No,Yes
21973478,Yes,No,No,No,No,No,No
21777706,No,No,No,No,No,No,Yes
22014282,Yes,No,No,No,No,No,No
22251570,Yes,No,No,No,No,No,No
21898542,Yes,No,No,No,No,No,No
21689659,Yes,No,No,Yes,No,No,No
22254271,Yes,No,No,No,No,No,No
22315740,Yes,No,No,No,No,No,No
22032427,Yes,No,No,Yes,No,No,No
22075912,Yes,No,No,No,Yes,No,No
21773925,Yes,No,No,No,No,No,No
22306472,Yes,No,No,No,No,No,No
21605221,Yes,No,No,No,No,No,No
21782685,Yes,No,No,No,No,No,No
22198471,Yes,No,No,No,No,No,No
22219743,Yes,No,Yes,No,No,No,No
22309306,Yes,No,No,No,No,No,No
22371750,Yes,No,No,No,No,No,No
21874375,Yes,No,Yes,No,No,No,No
21712908,Yes,No,No,No,No,No,No
22390320,Yes,No,No,No,No,No,No
21969461,Yes,No,No,Yes,No,No,No
22363906,Yes,No,No,No,No,No,No
22278571,Yes,No,No,No,No,No,No
22081073,Yes,No,No,Yes,No,No,No
21620253,Yes,No,No,No,No,No,No
21742103,Yes,No,No,No,No,No,No
21732611,Yes,No,No,No,No,No,No
22222047,Yes,No,No,No,No,No,No
21681053,No,No,No,No,No,No,Yes
21637283,Yes,No,No,Yes,No,No,No
21658232,Yes,No,No,No,No,No,No
22164489,Yes,No,No,No,No,No,No
21913099,Yes,No,Yes,No,No,No,No
21895584,Yes,No,No,Yes,No,No,No
22104612,Yes,No,No,No,No,No,No
21836562,Yes,No,No,No,Yes,No,No
21861532,Yes,No,Yes,No,No,No,No
21746485,Yes,No,Yes,No,No,No,No
21815868,Yes,No,No,No,No,No,No
22072844,Yes,No,No,No,No,No,No
22377522,Yes,No,No,No,No,No,No
21727608,Yes,No,No,No,No,No,No
21624511,Yes,No,No,No,No,No,No
22127887,Yes,No,No,No,Yes,No,No
22275681,Yes,No,No,No,No,No,No
22383714,No,Yes,No,No,No,No,No
22233582,No,No,No,No,No,No,Yes
21666972,Yes,No,No,No,No,Yes,No
21874864,No,No,No,No,No,No,Yes
21859124,Yes,No,No,No,No,No,No
22259320,Yes,No,No,No,No,No,No
21929005,No,Yes,No,Yes,No,No,No
22270027,Yes,No,No,No,No,No,No
21951973,Yes,No,No,No,No,No,No
21929223,No,No,No,No,No,No,Yes
22120876,No,Yes,No,No,No,No,No
21945582,Yes,No,No,Yes,No,No,No
21776249,Yes,No,No,No,No,No,No
21966650,Yes,No,No,No,No,No,No
21883353,Yes,No,No,Yes,No,No,No
21599131,No,Yes,No,No,No,No,No
21863170,Yes,No,No,No,No,No,No
21631736,Yes,No,No,No,No,No,No
22268605,Yes,No,No,No,No,No,No
21909746,Yes,No,No,No,No,No,No
22194102,Yes,No,No,Yes,No,No,No
21791039,Yes,No,No,No,No,No,No
21895713,Yes,No,No,No,No,No,No
22141951,Yes,No,No,No,No,No,No
22068984,No,No,No,No,No,No,Yes
21592726,No,Yes,No,No,No,No,No
21775775,Yes,No,No,No,No,No,No
21665801,No,No,No,No,No,No,Yes
22315535,Yes,No,No,No,No,No,No
22033323,Yes,No,No,Yes,No,No,No
22063455,Yes,No,No,No,No,No,No
22117533,No,No,No,No,No,No,Yes
22268593,No,No,No,No,No,No,Yes
22301253,No,No,No,No,No,No,Yes
22389321,Yes,No,No,No,No,No,No
21951535,Yes,No,No,Yes,No,No,No
21726922,Yes,No,Yes,No,No,No,No
22022269,Yes,No,Yes,No,No,No,No
22145660,No,No,No,No,No,No,Yes
22274104,Yes,No,No,No,No,No,No
21830932,No,No,Yes,No,No,No,No
21899932,Yes,No,No,Yes,No,No,No
21927102,No,Yes,No,No,No,No,No
22349845,No,Yes,No,Yes,Yes,No,No
21608095,Yes,No,No,Yes,No,No,No
22133663,Yes,No,No,No,No,No,No
21828600,Yes,No,No,No,No,No,No
22080615,Yes,No,No,No,No,No,No
21763750,Yes,No,No,No,No,No,No
22233582,No,No,No,No,No,No,Yes
22240073,Yes,No,No,Yes,No,No,No
21828175,Yes,No,No,No,No,No,No
21964069,No,No,No,No,No,No,Yes
21971970,Yes,No,No,No,No,No,No
21762682,Yes,No,No,No,No,No,No
22290615,Yes,No,No,No,No,No,No
22388938,Yes,No,No,Yes,No,No,No
22248977,Yes,No,No,No,Yes,No,No
21588826,Yes,No,No,Yes,No,No,No
21935968,Yes,No,No,Yes,No,No,No
22295466,Yes,No,No,Yes,No,No,No
21599276,Yes,No,No,No,No,No,No
21731436,Yes,No,Yes,No,No,No,No
21936254,Yes,No,No,No,No,No,No
21861149,Yes,No,No,No,No,No,No
21670174,Yes,No,No,No,No,No,No
21952173,Yes,No,No,No,No,No,No
22308850,Yes,No,No,Yes,No,No,No
21908487,Yes,No,No,No,No,No,No
21971711,Yes,No,No,Yes,No,No,No
21813140,Yes,No,Yes,Yes,No,No,No
21906852,Yes,No,Yes,No,No,No,No
22333131,Yes,No,No,No,No,No,No
21671237,No,No,No,No,No,No,Yes
22291864,No,No,No,No,No,No,Yes
22346730,Yes,No,Yes,No,No,No,No
21823933,Yes,No,No,Yes,No,No,No
21982977,Yes,No,No,No,No,No,No
22393139,Yes,No,No,Yes,No,No,No
22007085,Yes,No,No,No,No,No,No
21912502,Yes,No,No,No,No,No,No
21600582,Yes,No,No,No,No,No,No
22086715,Yes,No,No,Yes,No,No,No
21777920,No,No,No,No,No,No,Yes
21732101,Yes,No,No,No,No,No,No
21815561,Yes,No,No,No,No,No,No
22097137,Yes,No,No,No,No,No,No
21965424,Yes,No,No,Yes,No,No,No
21954110,Yes,No,No,No,No,No,No
21953824,Yes,No,No,No,No,No,No
21943289,No,No,No,No,No,No,Yes
21847084,Yes,No,No,No,No,No,No
22359074,No,Yes,No,No,No,No,No
22093542,Yes,No,No,Yes,No,No,No
22387958,Yes,No,No,No,No,No,No
22387971,No,Yes,No,No,Yes,No,No
21628054,No,No,No,No,No,No,Yes
21669619,Yes,No,No,No,No,No,No
22204623,No,Yes,No,No,No,No,No
21760514,Yes,No,No,No,No,No,No
22204122,Yes,No,No,No,No,No,No
21813541,Yes,No,No,No,No,No,No
22007288,Yes,No,No,No,No,No,No
22315205,Yes,No,No,No,No,No,No
21736623,Yes,No,No,Yes,No,No,No
21841725,Yes,No,Yes,No,No,No,No
22138690,Yes,No,Yes,No,No,No,No
22066548,Yes,No,No,No,No,No,No
22093951,Yes,No,No,No,No,No,No
21911966,Yes,No,No,No,No,No,No
21869931,No,No,No,No,No,No,Yes
22234028,Yes,No,No,No,No,No,No
22402210,Yes,No,No,Yes,No,No,No
21928113,No,Yes,No,No,No,No,No
21788309,No,No,No,No,No,No,Yes
22102756,Yes,No,No,No,No,No,No
22165033,Yes,No,No,Yes,No,No,No
22040135,Yes,No,No,No,No,No,No
21607034,Yes,No,No,Yes,No,No,No
22390969,No,No,No,No,No,No,Yes
21599334,Yes,No,No,Yes,No,No,No
22142562,Yes,No,No,No,No,No,No
22382207,Yes,No,No,No,No,No,No
22387773,Yes,No,No,No,No,No,No
22204232,Yes,No,No,No,No,No,No
21954967,Yes,No,No,No,No,No,No
22036224,No,Yes,No,No,No,No,No
21847041,Yes,No,No,Yes,No,No,No
22245519,Yes,No,No,No,No,No,No
21810817,Yes,No,No,Yes,No,No,No
21967916,Yes,No,No,No,No,No,No
22183891,Yes,No,No,No,No,No,No
22046701,Yes,No,No,Yes,No,No,No
22298703,Yes,No,No,No,No,No,No
21804066,Yes,No,No,No,No,No,No
21712482,Yes,No,No,Yes,No,No,No
21688166,Yes,No,Yes,No,No,No,No
21766462,No,Yes,No,No,No,No,No
22147999,No,No,No,No,No,No,Yes
21838164,Yes,No,No,No,No,No,No
21806165,No,Yes,No,No,No,No,No
21722636,Yes,No,No,No,No,No,No
22220700,Yes,No,No,No,No,No,No
22289658,Yes,No,No,No,No,No,No
21721484,No,Yes,No,No,No,No,No
21678709,Yes,No,No,No,No,No,No
21983007,Yes,No,No,No,No,No,No
22181367,Yes,No,No,No,No,No,No
21954959,Yes,No,No,No,No,No,No
21806679,Yes,No,No,Yes,No,No,No
22320787,Yes,No,No,No,No,No,No
22359063,No,Yes,No,No,No,No,No
22245498,Yes,No,No,No,No,No,No
21684232,Yes,No,No,No,No,No,No
21924720,Yes,No,No,No,No,No,No
21650476,Yes,No,No,Yes,No,No,No
22167197,Yes,No,No,No,No,No,No
21841678,Yes,No,No,Yes,No,No,No
22308314,Yes,No,No,No,No,No,No
22241374,No,No,No,No,No,No,Yes
21671049,Yes,No,No,No,No,No,No
21669232,Yes,No,No,No,No,No,No
22077211,No,No,No,No,No,No,Yes
21666633,Yes,No,Yes,No,No,No,No
21622323,Yes,No,No,Yes,No,No,No
22196475,Yes,No,No,Yes,No,No,No
21927970,Yes,No,Yes,No,No,No,No
22005173,No,No,No,No,No,No,Yes
22169698,Yes,No,No,Yes,No,No,No
21606348,Yes,No,No,No,No,No,No
21855812,Yes,No,Yes,No,No,No,No
21854426,Yes,No,Yes,Yes,No,No,No
21847847,Yes,No,No,No,No,No,No
22117813,Yes,No,No,Yes,No,No,No
22382185,Yes,No,No,No,No,No,No
22120204,No,Yes,No,No,No,No,No
22021519,Yes,No,No,No,No,No,No
22206740,Yes,No,No,Yes,No,No,No
22377778,Yes,No,No,No,No,No,No
22113678,Yes,No,No,No,No,No,No
22042628,No,Yes,No,No,No,No,No
21788358,Yes,No,No,No,No,No,No
21867723,No,No,Yes,No,No,No,No
21751890,No,No,Yes,Yes,No,No,No
21687930,Yes,No,No,No,No,No,No
22083279,Yes,No,No,No,No,No,No
22106952,Yes,No,No,No,No,No,No
21838165,Yes,No,No,Yes,No,No,No
21622761,Yes,No,No,Yes,No,No,No
22117121,Yes,No,No,No,No,No,No
21972831,No,Yes,No,No,No,No,No
21685938,Yes,No,No,No,No,No,No
21873647,Yes,No,No,Yes,No,No,No
22023629,Yes,No,No,Yes,No,No,No
21769295,Yes,No,No,No,No,No,No
21938621,No,No,No,No,No,No,Yes
21618655,Yes,No,No,No,No,No,No
21890332,Yes,No,Yes,No,No,No,No
21904447,Yes,No,No,No,No,No,No
21658343,No,No,No,Yes,No,No,No
22233582,No,No,No,No,No,No,Yes
22230773,Yes,No,No,No,No,No,No
22068663,No,No,No,Yes,No,No,No
22229148,Yes,No,No,No,No,No,No
21605618,Yes,No,No,Yes,No,No,No
22049263,Yes,No,No,No,No,No,No
21602745,Yes,No,No,No,No,No,No
22349747,Yes,No,No,No,No,No,No
22377601,Yes,No,No,Yes,No,No,No
21911030,Yes,No,No,No,No,No,No
21669524,No,Yes,No,No,Yes,No,No
22010012,Yes,No,No,No,No,No,No
22389242,Yes,No,No,No,No,No,No
22380483,No,Yes,No,No,No,No,No
22060425,Yes,No,No,No,No,No,No
21947460,Yes,No,No,No,No,No,No
22307573,Yes,No,No,Yes,No,No,No
22299944,Yes,No,No,No,No,No,No
22067950,Yes,No,No,No,No,No,No
22341824,Yes,No,No,Yes,No,No,No
22097991,Yes,No,No,No,No,No,No
21637589,Yes,No,No,No,No,No,No
21923219,Yes,No,Yes,No,No,Yes,No
21853924,Yes,No,Yes,No,No,No,No
21998588,Yes,No,Yes,No,No,No,No
22316873,Yes,No,No,No,No,No,No
22326316,Yes,No,Yes,Yes,No,No,No
21834508,Yes,No,No,No,No,No,No
22333344,Yes,No,No,No,No,No,No
21741886,Yes,No,No,No,No,No,No
22219117,Yes,No,Yes,No,No,No,No
21953172,No,No,No,No,No,No,Yes
21709662,Yes,No,Yes,Yes,No,No,No
21783855,No,No,No,No,No,No,Yes
22282487,Yes,No,No,No,No,No,No
21893596,Yes,No,No,Yes,No,No,No
21954803,No,No,No,No,No,No,Yes
21958098,Yes,No,No,No,No,No,No
22165935,Yes,No,No,No,No,No,No
22197918,Yes,No,No,No,No,No,No
21743890,No,No,Yes,No,No,No,No
22138975,Yes,No,No,Yes,No,No,No
22243633,Yes,No,No,No,No,No,No
22309481,Yes,No,No,No,No,No,No
22303378,Yes,No,No,No,No,No,No
22372668,No,Yes,No,No,No,No,No
22242195,Yes,No,No,No,No,No,No
22061430,Yes,No,Yes,No,No,No,No
21592955,Yes,No,Yes,No,No,No,No
21681389,No,No,No,No,No,No,Yes
21632857,Yes,No,Yes,No,No,No,No
21858952,Yes,No,No,No,No,No,No
21701434,Yes,No,No,No,No,No,No
21853277,No,Yes,No,No,No,No,No
22017949,Yes,No,No,No,No,No,No
21874766,Yes,No,No,No,No,No,No
21655585,Yes,No,Yes,No,No,No,No
21845455,Yes,No,No,No,No,No,No
21976392,Yes,No,No,Yes,No,No,No
22088665,No,No,No,No,No,No,Yes
21958001,No,No,No,No,No,No,Yes
22212593,No,No,No,Yes,No,No,No
22250697,Yes,No,No,No,No,No,No
22397268,Yes,No,No,No,No,No,No
22341558,Yes,No,No,Yes,No,No,No
22383063,No,Yes,No,No,No,No,No
21816981,Yes,No,No,No,No,No,No
22027075,Yes,No,No,No,No,No,No
21876833,Yes,No,No,No,No,No,No
22234270,Yes,No,No,No,No,No,No
21621949,No,No,No,No,No,No,Yes
22269308,No,Yes,No,No,No,No,No
22117871,Yes,No,Yes,No,No,No,No
22076587,Yes,No,No,No,No,No,No
21680019,No,No,No,No,No,No,Yes
21746245,Yes,No,No,No,No,No,No
21850346,Yes,No,No,No,No,No,No
21771444,Yes,No,No,No,No,No,No
21679473,Yes,No,No,No,No,No,No
22003167,Yes,No,No,Yes,No,No,No
22071262,Yes,No,No,No,No,No,No
22299050,Yes,No,No,No,No,No,No
22009785,Yes,No,No,No,No,No,No
21618921,Yes,No,Yes,Yes,No,No,No
22350752,Yes,No,No,No,No,No,No
22313573,Yes,No,No,Yes,No,No,No
22014667,Yes,No,No,No,No,No,No
22062837,Yes,No,No,Yes,No,No,No
22260404,Yes,No,No,No,No,No,No
22202474,Yes,No,No,Yes,No,No,No
22298100,Yes,No,No,No,No,No,No
21592990,Yes,No,No,Yes,No,No,No
22390635,Yes,No,No,No,No,No,No
22336353,Yes,No,No,Yes,Yes,No,No
21625779,Yes,No,No,No,No,No,No
22355925,Yes,No,No,No,No,No,No
21874578,Yes,No,No,Yes,No,No,No
21840741,Yes,No,No,Yes,No,No,No
22277115,No,Yes,No,No,No,No,No
21670950,Yes,No,No,Yes,No,No,No
21987391,Yes,No,No,Yes,No,No,No
22301527,No,No,No,No,No,No,Yes
21943485,Yes,No,No,No,No,No,No
21921310,Yes,No,No,No,No,No,No
21651753,Yes,No,No,Yes,No,No,No
22373345,Yes,No,Yes,No,No,No,No
22148230,No,No,No,No,No,No,Yes
22061290,Yes,No,No,No,No,No,No
22123987,No,No,No,No,No,No,Yes
22010859,Yes,No,No,No,No,No,No
22016067,Yes,No,No,Yes,No,No,No
22381912,Yes,No,No,No,No,No,No
22074642,No,Yes,No,No,No,No,No
22165516,No,No,No,No,No,No,Yes
21858734,Yes,No,No,No,No,No,No
21784285,Yes,No,No,No,No,No,No
22386781,Yes,No,No,No,No,No,No
22171325,Yes,No,No,No,No,No,No
21665405,No,No,No,No,No,No,Yes
22286412,Yes,No,No,Yes,No,No,No
22308516,Yes,No,No,No,No,No,No
22181881,No,Yes,No,No,No,No,No
21743141,Yes,No,No,No,Yes,No,No
22181040,Yes,No,No,No,No,No,No
21650958,Yes,No,No,Yes,No,No,No
22120995,No,No,No,No,No,No,Yes
22046276,Yes,No,No,Yes,No,No,No
21975765,Yes,No,No,No,Yes,No,No
22144780,No,Yes,No,No,No,No,No
21676318,Yes,No,Yes,No,No,No,No
22268626,Yes,No,No,No,No,No,No
21872435,Yes,No,No,No,No,No,No
21608523,Yes,No,No,Yes,No,No,No
21787720,No,No,No,No,No,No,Yes
22133833,No,No,No,No,No,No,Yes
21771988,Yes,No,No,No,No,No,No
21878081,Yes,No,No,No,No,No,No
22233582,No,No,No,No,No,No,Yes
21710796,Yes,No,No,No,No,No,No
21621828,Yes,No,No,Yes,No,No,No
21813971,Yes,No,No,No,No,No,No
21813198,Yes,No,Yes,No,No,No,No
22239554,Yes,No,No,No,No,No,No
22248853,Yes,No,No,No,No,No,No
21945555,Yes,No,No,No,No,No,No
22385778,No,No,No,No,No,No,Yes
21679798,No,No,No,No,No,No,Yes
22365661,No,Yes,No,No,No,No,No
21877766,No,No,No,No,No,No,Yes
21774272,Yes,No,No,Yes,No,No,No
22139801,No,No,No,No,No,No,Yes
21856886,Yes,No,No,Yes,No,No,No
22062806,No,No,No,No,No,No,Yes
22313325,Yes,No,No,Yes,No,No,No
21630178,Yes,No,No,No,No,No,No
22242095,Yes,No,No,No,No,No,No
21681389,No,No,No,No,No,No,Yes
22210571,Yes,No,No,No,No,No,No
21794169,Yes,No,No,No,No,No,No
22261262,No,No,Yes,No,No,No,No
22368535,Yes,No,No,No,No,No,No
21808832,Yes,No,No,No,Yes,No,No
21938804,Yes,No,Yes,No,No,No,No
22331512,No,Yes,No,No,No,No,No
22290787,Yes,No,No,No,No,No,No
22141829,No,No,Yes,No,No,No,No
21664320,No,Yes,No,Yes,No,No,No
21958378,Yes,No,No,No,No,No,No
22120623,Yes,No,No,Yes,No,No,No
21695627,Yes,No,No,No,No,No,No
22133613,Yes,No,No,No,No,No,No
21938857,Yes,No,No,No,No,No,No
22008750,Yes,No,No,No,No,No,No
21935309,Yes,No,Yes,No,No,No,No
22145461,Yes,No,No,No,No,No,No
21961482,Yes,No,No,Yes,No,No,No
21743660,Yes,No,No,No,Yes,No,No
22394422,No,No,No,No,No,No,Yes
22077025,No,Yes,No,Yes,No,No,No
22145017,Yes,No,No,No,No,No,No
21958582,Yes,No,No,No,No,No,No
22253547,No,Yes,No,No,Yes,No,No
21670893,Yes,No,Yes,No,Yes,No,No
21720877,Yes,No,No,Yes,No,No,No
22212342,Yes,No,No,No,No,No,No
21957927,Yes,No,No,Yes,No,No,No
21640002,Yes,No,No,Yes,No,No,No
22394004,Yes,No,No,Yes,No,No,No
22389991,No,No,No,No,No,No,Yes
21822469,Yes,No,No,Yes,No,No,No
22386692,Yes,No,No,Yes,No,No,No
21763319,No,No,No,No,No,No,Yes
21993985,Yes,No,No,No,Yes,No,No
22342546,Yes,No,No,Yes,No,No,No
22288484,Yes,No,No,No,No,No,No
22362280,Yes,No,Yes,No,No,No,No
21999653,Yes,No,Yes,No,No,No,No
21891888,Yes,No,No,No,No,No,No
22238052,No,No,No,No,No,No,Yes
21804721,Yes,No,No,No,No,No,No
21611399,Yes,No,No,No,No,No,No
22344185,Yes,No,No,No,No,No,No
22165301,Yes,No,No,No,No,No,No
22140118,No,No,No,No,No,No,Yes
21860587,No,Yes,No,No,No,No,No
22103986,Yes,No,No,No,No,No,No
22202203,No,No,No,Yes,No,No,No
22104542,Yes,No,No,No,No,No,No
22021331,Yes,No,No,No,No,No,No
22351210,Yes,No,No,No,No,No,No
22373253,Yes,No,No,No,No,No,No
22382609,Yes,No,No,No,No,No,No
22307344,Yes,No,No,No,No,No,No
21993790,Yes,No,No,No,No,No,No
21922858,Yes,No,No,No,No,Yes,No
22385186,Yes,No,No,No,No,No,No
21910013,Yes,No,No,No,No,No,No
21771233,No,Yes,No,No,Yes,No,No
22180891,Yes,No,Yes,No,No,No,No
22221044,Yes,No,No,No,No,No,No
21816538,Yes,No,No,No,No,No,No
21989489,Yes,No,No,No,No,No,No
21803649,Yes,No,No,No,No,No,No
21946543,No,No,No,No,No,No,Yes
21741944,No,No,No,No,No,No,Yes
22328339,Yes,No,No,No,No,No,No
22309030,No,No,No,No,No,No,Yes
22268085,Yes,No,No,No,No,No,No
22275945,Yes,No,No,Yes,No,No,No
22016455,Yes,No,No,No,No,No,No
22300572,Yes,No,No,Yes,No,No,No
22353499,Yes,No,No,No,No,No,No
22073379,No,No,No,No,No,No,Yes
22373212,Yes,No,No,No,No,No,No
21808849,Yes,No,No,Yes,No,No,No
21718967,No,No,No,No,No,No,Yes
22267632,Yes,No,Yes,No,No,No,No
21870513,Yes,No,No,Yes,No,No,No
22402641,Yes,No,No,Yes,No,No,No
22027688,Yes,No,Yes,Yes,No,No,No
21834129,Yes,No,No,No,No,No,No
22327285,Yes,No,No,Yes,No,No,No
22340917,Yes,No,No,No,No,No,No
21962599,Yes,No,No,No,No,No,No
22247359,Yes,No,No,No,No,No,No
21980709,Yes,No,No,No,No,No,No
22370675,Yes,No,Yes,No,No,No,No
21654870,Yes,No,No,No,No,No,No
21852912,Yes,No,Yes,No,No,No,No
22207820,Yes,No,No,No,No,No,No
21731458,Yes,No,Yes,No,No,No,No
21793363,Yes,No,No,No,Yes,No,No
21600241,No,Yes,No,No,No,No,No
22170256,Yes,No,Yes,No,No,No,No
21842315,Yes,No,No,No,No,No,No
22266314,Yes,No,No,No,No,No,No
22242956,Yes,No,No,No,No,No,No
21789406,Yes,No,No,No,No,No,No
22206404,Yes,No,No,Yes,No,No,No
22166697,Yes,No,Yes,Yes,No,No,No
21870449,Yes,No,No,No,No,No,No
22402289,Yes,No,No,No,No,No,No
22065630,Yes,No,Yes,No,No,No,No
22292565,Yes,No,No,No,No,No,No
21605513,Yes,No,No,Yes,No,No,No
22140305,Yes,No,No,No,No,No,No
21726165,Yes,No,Yes,No,No,No,No
22221287,Yes,No,No,Yes,No,No,No
22078693,Yes,No,No,Yes,No,No,No
22259526,No,No,No,No,No,No,Yes
21658956,Yes,No,No,No,No,No,No
22383530,Yes,No,No,No,No,No,No
21953970,Yes,No,No,No,No,No,No
22254390,Yes,Yes,Yes,No,No,Yes,No
21723377,Yes,No,No,No,No,No,No
22081816,Yes,No,No,No,No,No,No
21655326,Yes,No,No,No,No,No,No
21743840,Yes,No,Yes,No,Yes,No,No
22323416,Yes,No,Yes,No,No,No,No
22110421,Yes,No,No,No,No,No,No
21627484,Yes,No,No,Yes,No,No,No
22354617,Yes,No,No,Yes,No,No,No
21666564,Yes,No,No,No,No,No,No
21600495,No,No,No,No,No,No,Yes
22367337,Yes,No,Yes,Yes,No,No,No
21616092,No,No,No,No,No,No,Yes
22077438,No,No,No,No,No,No,Yes
21956393,Yes,No,No,No,No,No,No
21788839,Yes,No,No,No,No,No,No
21654200,No,No,No,No,No,No,Yes
22128955,No,No,Yes,Yes,No,No,No
21851601,Yes,No,No,No,No,No,No
22253035,Yes,No,No,No,No,No,No
22108488,Yes,No,No,No,No,No,No
21683339,Yes,No,No,Yes,No,No,No
21863048,Yes,No,No,No,No,No,No
21866534,Yes,No,Yes,No,No,No,No
21919375,Yes,No,No,No,No,No,No
21999620,Yes,No,No,Yes,No,No,No
22314591,Yes,No,No,Yes,No,No,No
22370011,Yes,No,No,No,No,No,No
21787311,Yes,No,No,No,No,No,No
22195867,Yes,No,No,No,No,No,No
22168523,No,No,No,No,No,No,Yes
22328917,Yes,No,No,Yes,No,No,No
21876420,Yes,No,No,No,No,No,No
22385713,Yes,No,No,No,No,No,No
21720637,Yes,No,No,Yes,No,No,No
22339430,No,Yes,No,No,No,No,No
22190872,Yes,No,No,Yes,No,No,No
21659212,No,Yes,No,No,No,No,No
21864101,Yes,No,No,No,No,No,No
22392836,Yes,No,No,No,No,No,No
22254291,Yes,No,No,No,No,No,No
22199721,Yes,No,No,No,No,No,No
22263203,Yes,No,No,Yes,No,No,No
22332717,No,No,Yes,No,No,No,No
22119001,Yes,No,No,No,No,No,No
22020166,Yes,No,No,Yes,No,No,No
22078520,Yes,No,No,Yes,No,No,No
21693646,Yes,No,No,No,No,No,No
22385251,Yes,No,No,No,No,No,No
21857647,Yes,No,No,Yes,No,No,No
22220565,Yes,No,No,No,No,No,No
21773863,Yes,No,No,No,No,No,No
21681389,No,No,No,No,No,No,Yes
21781785,Yes,No,No,No,Yes,No,No
21998701,Yes,No,No,No,No,No,No
21659038,No,No,No,No,No,No,Yes
22127137,Yes,No,No,Yes,No,No,No
22081204,No,No,No,Yes,No,No,No
21774215,No,No,No,No,No,No,Yes
21964008,Yes,No,No,Yes,No,No,No
21789753,Yes,No,Yes,Yes,No,No,No
22291303,Yes,No,Yes,No,No,No,No
21766365,Yes,No,No,No,No,No,No
21603033,Yes,No,No,No,No,No,No
21592184,Yes,No,No,Yes,No,No,No
22320787,Yes,No,No,No,No,No,No
22228733,No,No,No,No,No,No,Yes
21659630,Yes,No,No,Yes,No,No,No
22270858,Yes,No,No,Yes,No,No,No
22297052,No,No,No,No,No,No,Yes
21920747,Yes,No,No,Yes,No,No,No
22183439,Yes,No,No,No,No,No,No
22314997,Yes,No,Yes,No,No,No,No
21905780,Yes,No,Yes,No,No,No,No
21873444,Yes,No,No,Yes,No,No,No
21851291,Yes,No,No,Yes,Yes,No,No
22164161,Yes,No,No,No,No,No,No
21837822,Yes,No,No,No,No,No,No
22128184,Yes,No,No,No,No,No,No
22359569,Yes,No,No,No,No,No,No
21720082,No,Yes,No,No,No,No,No
22229687,Yes,No,No,No,No,No,No
21876441,No,Yes,No,No,No,No,No
21976388,Yes,No,No,No,Yes,No,No
21840755,No,No,Yes,No,No,No,No
22036744,No,Yes,No,No,No,No,No
22233582,No,No,No,No,No,No,Yes
22212241,No,Yes,No,No,No,No,No
22265196,No,Yes,No,No,No,No,No
22151871,,,,,,,
21748375,,,,,,,
22035413,,,,,,,
22170809,,,,,,,
22373852,,,,,,,
21881697,,,,,,,
22320807,,,,,,,
21864907,,,,,,,
22233582,,,,,,,
22208870,,,,,,,
22085909,No,No,No,No,No,No,Yes
22043398,No,No,No,No,No,No,Yes
21818974,Yes,No,No,No,No,No,No
21723923,Yes,No,No,No,Yes,Yes,No
21663075,Yes,No,No,No,Yes,No,No
21591564,No,No,No,No,No,No,Yes
22172963,No,Yes,No,No,No,No,No
21916380,No,Yes,No,No,Yes,No,No
21881276,No,Yes,Yes,Yes,Yes,No,No
21994954,Yes,No,No,No,No,No,No
22192595,No,No,Yes,No,No,No,No
21957777,No,Yes,No,Yes,Yes,Yes,No
21719425,No,No,No,No,No,No,Yes
22176229,Yes,No,No,Yes,Yes,No,No
22122708,No,No,No,No,No,No,Yes
21748845,No,Yes,No,No,No,No,No
22065128,Yes,No,No,Yes,No,No,No
22059448,Yes,No,No,Yes,Yes,No,No
22053533,Yes,No,No,Yes,Yes,No,No
21863844,No,Yes,No,No,No,No,No
21976201,Yes,No,No,No,No,No,No
22077426,Yes,No,No,No,Yes,No,No
21914382,Yes,No,No,No,No,No,No
22391768,Yes,No,Yes,Yes,No,No,No
21986169,Yes,No,No,No,No,No,No
22145017,No,Yes,No,No,No,No,No
21626828,No,No,No,No,No,No,Yes
21628551,Yes,No,No,No,No,No,No
21760596,No,Yes,No,No,No,No,No
22210899,Yes,No,No,No,No,No,No
21702224,No,No,No,No,No,No,Yes
21919751,Yes,No,Yes,No,No,No,No
22183141,No,No,No,No,No,No,Yes
22077755,Yes,No,No,No,No,No,No
21972609,No,Yes,No,No,No,No,No
22139293,No,No,Yes,No,No,No,No
22388378,Yes,No,No,No,No,No,No
22033771,Yes,No,No,No,No,No,No
21684933,No,Yes,No,No,No,No,No
21946543,No,No,No,No,No,No,Yes
22367775,No,No,Yes,No,No,No,No
21606259,No,No,No,Yes,Yes,No,No
21953172,No,No,No,No,No,No,Yes
22387262,No,No,No,Yes,No,No,Yes
22010203,Yes,No,No,Yes,No,No,No
22337450,No,No,Yes,No,No,No,No
21708596,No,No,No,No,Yes,No,No
22233582,No,No,No,No,No,No,Yes
22058933,Yes,No,No,Yes,No,No,No
22330062,Yes,No,Yes,No,No,No,No
22275376,Yes,No,No,No,No,No,No
21681053,No,No,No,No,No,No,Yes
21982119,No,Yes,No,No,Yes,No,No
22233582,No,No,No,No,No,No,Yes
22387955,Yes,No,No,No,No,No,No
21666099,No,No,No,No,No,No,Yes
22378110,No,No,No,No,No,No,Yes
22227941,No,Yes,No,Yes,No,No,No
21742874,Yes,No,No,No,No,No,No
22362378,Yes,No,No,No,No,No,No
21841593,No,No,No,No,No,Yes,No
21858515,No,No,No,No,No,No,Yes
21769082,Yes,No,No,No,No,No,No
22359672,No,No,No,No,No,No,Yes
21845761,No,No,No,No,No,No,Yes
22188773,No,Yes,No,No,No,No,No
22243312,Yes,No,No,No,Yes,No,No
22084091,No,No,No,No,No,No,Yes
22403307,Yes,No,Yes,No,No,No,No
21850992,No,No,No,No,Yes,No,No
21621597,Yes,No,No,No,No,No,No
22315569,Yes,No,No,No,No,No,No
22286545,No,No,No,Yes,No,No,No
22112893,No,Yes,No,No,No,No,No
21983653,Yes,No,No,No,No,No,No
22010156,Yes,No,No,No,No,No,No
22159477,Yes,No,No,No,No,No,No
21874924,No,No,No,No,No,Yes,No
22049535,Yes,No,No,No,No,No,No
22387063,No,No,No,No,No,Yes,No
21719027,Yes,No,No,No,No,No,No
22190009,Yes,No,No,No,No,No,No
21797675,Yes,No,No,No,No,No,No
21588641,Yes,No,No,No,Yes,No,No
21915318,Yes,No,No,No,No,No,No
21877382,Yes,No,No,No,No,No,No
21973972,Yes,No,No,No,No,No,No
22227083,Yes,No,No,No,No,No,No
22113903,Yes,No,No,No,Yes,No,No
22233582,No,No,No,No,No,No,Yes
21952844,Yes,No,Yes,No,No,No,No
21759469,No,Yes,No,No,No,Yes,No
21787239,No,No,Yes,No,No,No,Yes
21692271,No,Yes,Yes,No,No,No,No
22335885,No,No,No,No,Yes,Yes,No
22097807,No,Yes,No,No,No,No,No
21767869,Yes,No,No,No,No,No,No
21895432,Yes,No,No,No,No,No,No
21946543,No,No,No,No,No,No,Yes
22140848,Yes,No,No,Yes,No,No,No
21807650,Yes,No,No,No,No,No,No
22246432,Yes,No,No,No,No,No,No
21763642,Yes,No,No,No,No,No,No
22233582,No,No,No,No,No,No,Yes
22132248,Yes,No,Yes,No,No,No,No
22058937,Yes,No,No,No,Yes,No,No
21794791,No,Yes,No,No,No,No,No
22378110,No,No,No,No,No,No,Yes
22116016,Yes,No,No,No,Yes,No,No
21848317,Yes,No,No,No,No,No,No
22016118,No,Yes,No,No,No,No,No
21738241,Yes,No,No,No,No,No,No
21966432,Yes,No,No,No,No,No,No
22207767,Yes,No,No,No,Yes,No,No
22356193,Yes,No,No,No,No,No,No
21681389,No,No,No,No,No,No,Yes
21721440,Yes,No,No,Yes,Yes,No,No
21894603,Yes,No,No,No,No,No,No
21819758,Yes,No,No,No,Yes,No,No
22225013,Yes,No,No,Yes,No,No,No
22281413,No,No,No,No,No,No,Yes
21921178,Yes,No,No,No,No,Yes,Yes
21836638,Yes,No,No,No,No,No,No
22233582,No,No,No,No,No,No,Yes
21887219,No,No,No,No,No,Yes,No
22250752,No,No,No,Yes,No,No,No
21696653,No,No,No,No,No,No,Yes
22303671,Yes,No,No,No,No,No,No
22339669,No,No,No,No,No,No,Yes
22233582,No,No,No,No,No,No,Yes
22389324,Yes,No,No,No,No,No,No
22118863,Yes,No,No,No,No,No,No
22247811,Yes,No,No,No,No,No,No
21946543,No,No,No,No,No,No,Yes
22233582,No,No,No,No,No,No,Yes
22015906,Yes,No,Yes,No,No,No,No
21930601,Yes,No,No,No,No,No,No
21681465,Yes,No,No,No,No,No,No
21965061,Yes,No,No,No,Yes,No,No
21605085,Yes,No,No,No,No,No,No
22351001,No,No,No,No,No,No,Yes
22233582,No,No,No,No,No,No,Yes
21915844,No,Yes,No,No,Yes,No,No
21684721,Yes,No,No,No,No,No,No
21872817,Yes,No,No,No,No,No,No
22077587,Yes,No,No,No,No,No,No
22233582,No,No,No,No,No,No,Yes
21980340,Yes,No,No,No,No,No,No
21820729,Yes,No,No,No,No,No,No
21742540,Yes,No,No,No,No,No,No
22157160,Yes,No,No,No,Yes,No,No
22068333,No,No,No,No,No,No,Yes
21825877,Yes,No,No,No,No,No,No
22070792,Yes,No,No,No,No,No,No
21799428,Yes,No,No,No,No,No,No
22233582,No,No,No,No,No,No,Yes
22112818,No,No,No,Yes,No,No,No
22178573,Yes,No,No,No,No,No,No
21946543,No,No,No,No,No,No,Yes
21710959,No,Yes,No,No,No,No,No
21987439,Yes,No,No,No,Yes,No,No
22139653,Yes,No,No,No,No,No,No
21921178,Yes,No,No,No,No,Yes,No
22224459,Yes,No,Yes,No,No,No,No
22220588,Yes,No,No,No,Yes,No,No
22068337,No,No,No,No,No,No,Yes
21764285,No,Yes,No,No,No,No,No
21732727,No,No,Yes,No,No,No,No
22161113,Yes,No,No,No,No,No,No
21697685,Yes,No,No,No,No,No,No
22057087,No,No,No,No,Yes,Yes,No
21729231,Yes,No,No,No,No,No,No
21859609,No,No,Yes,No,No,No,No
21614166,No,No,No,Yes,No,No,No
22009346,Yes,No,No,No,No,No,No
21729680,Yes,No,No,No,No,No,No
22201532,No,No,Yes,No,No,No,No
22169080,Yes,No,No,No,No,No,No
22074730,Yes,No,No,No,No,No,No
22233582,No,No,No,No,No,No,Yes
22159382,Yes,No,No,No,No,No,No
21987982,No,No,No,No,No,No,Yes
21800718,Yes,No,No,Yes,No,No,No
22184550,No,No,No,Yes,No,No,Yes
21854839,Yes,No,No,No,No,No,No
22088238,Yes,No,No,No,No,No,No
21592049,Yes,No,No,No,No,No,No
21918683,Yes,No,No,No,No,No,No
21609644,Yes,No,No,No,No,No,No
21792484,Yes,No,No,No,No,No,No
22000065,Yes,No,No,No,No,No,No
22269894,Yes,No,Yes,No,No,No,No
22316872,No,Yes,Yes,No,No,No,No
21658170,Yes,No,No,No,No,No,No
22249337,Yes,No,No,No,Yes,No,No
22136104,Yes,No,No,No,No,No,No
21892827,Yes,No,No,No,No,No,No
22382613,Yes,No,No,No,No,No,No
21873570,Yes,No,No,No,No,No,No
22233582,No,No,No,No,No,No,Yes
21645934,No,No,Yes,No,No,No,No
21701776,Yes,No,No,No,Yes,No,No
22255390,Yes,No,No,No,No,No,No
21916364,Yes,No,No,No,Yes,No,No
22033231,Yes,No,No,No,No,No,No
22022364,Yes,No,No,No,No,No,No
22317871,No,Yes,No,No,Yes,No,No
22060042,Yes,No,No,No,No,No,No
22363045,Yes,No,No,No,No,No,No
22211095,No,Yes,No,No,No,No,No
22040481,Yes,No,No,No,Yes,No,Yes
22113586,No,Yes,No,No,Yes,No,No
21867562,Yes,No,No,No,No,No,No
21695603,Yes,No,No,No,No,No,No
21742375,Yes,No,No,No,Yes,No,No
21752537,Yes,No,Yes,No,No,No,No
21983620,Yes,No,No,No,No,No,No
22378110,No,No,No,No,No,No,Yes
22146468,Yes,No,No,No,No,No,No
22386769,Yes,No,No,Yes,No,No,No
22231933,Yes,No,No,No,No,No,No
21830615,Yes,No,Yes,Yes,No,No,No
21775955,No,No,No,Yes,No,No,No
21593834,Yes,No,No,No,Yes,No,No
22258141,Yes,No,No,No,No,No,No
22329981,Yes,No,No,No,No,No,No
22016424,No,Yes,No,No,No,No,No
22249024,Yes,No,No,No,No,No,No
22324714,Yes,No,No,No,No,No,No
22086976,Yes,No,No,No,No,No,No
22233582,No,No,No,No,No,No,Yes
22124977,Yes,No,No,Yes,No,No,No
22076565,No,No,Yes,No,No,No,No
21768596,Yes,No,No,No,No,No,No
21893521,No,No,No,No,No,No,Yes
22029455,No,Yes,No,No,No,No,No
21898452,Yes,No,No,No,No,No,No
21706145,Yes,No,Yes,No,No,No,No
21953172,No,No,No,No,No,No,Yes
21801581,Yes,No,No,No,No,No,No
21819028,No,No,Yes,No,No,No,No
21750486,Yes,No,No,No,No,No,No
22286366,Yes,No,No,No,No,No,No
21710098,Yes,No,No,No,No,No,No
21938727,Yes,No,No,No,Yes,No,No
21603511,Yes,No,No,No,No,No,No
21600495,No,No,No,No,No,No,Yes
22348078,Yes,No,No,No,No,No,No
22391111,Yes,No,No,No,No,No,No
21954803,No,No,No,No,No,No,Yes
21953172,No,No,No,No,No,No,Yes
22308678,Yes,No,No,No,No,No,No
22103742,Yes,No,Yes,Yes,No,No,No
21778487,Yes,No,No,Yes,No,No,No
22251156,Yes,No,No,No,No,No,No
21619627,Yes,No,No,No,No,No,No
22103888,No,No,Yes,No,No,No,No
22266457,Yes,No,No,No,No,No,No
21965853,Yes,No,Yes,No,No,No,No
22018685,Yes,No,No,No,No,No,No
22079524,Yes,No,No,No,Yes,No,No
21791500,No,No,No,No,No,No,Yes
21730711,Yes,No,No,No,Yes,No,No
21990758,No,No,Yes,No,No,No,No
22258141,Yes,No,No,Yes,No,No,No
21741622,Yes,No,No,Yes,No,No,No
22071494,No,No,No,Yes,No,No,No
21904219,No,No,No,Yes,Yes,No,No
21986955,Yes,No,No,No,No,Yes,No
21967153,No,No,No,No,Yes,No,No
22055592,Yes,No,No,Yes,No,No,No
22210967,No,No,Yes,No,No,No,No
22276953,Yes,No,No,No,No,No,No
21596155,No,No,No,Yes,No,No,No
21771140,No,No,No,No,No,No,Yes
22044403,Yes,No,Yes,No,No,No,No
22195085,No,No,No,No,No,No,Yes
22233582,No,No,No,No,No,No,Yes
22214469,No,No,No,No,No,Yes,No
21896402,No,Yes,No,No,Yes,No,No
22233582,No,No,No,No,No,No,Yes
21702304,No,No,No,Yes,Yes,No,No
22157857,No,Yes,No,No,Yes,No,No
21596562,No,No,No,No,No,No,Yes
21643344,No,No,No,Yes,Yes,No,No
21800411,No,No,No,No,No,No,Yes
21995651,Yes,No,No,No,No,No,No
21610081,No,No,Yes,No,No,No,No
21764216,No,No,No,Yes,No,No,No
21751180,Yes,No,No,No,No,No,No
22233582,No,No,No,No,No,No,Yes
22265313,Yes,No,No,No,No,No,No
21711204,Yes,No,No,No,No,No,No
22148005,Yes,No,No,No,No,No,No
21837517,Yes,No,No,Yes,No,No,No
21648132,Yes,No,Yes,No,Yes,No,No
22233582,No,No,No,No,No,No,Yes
21600495,No,No,No,No,No,No,Yes
21899867,Yes,No,Yes,No,No,No,No
22209736,Yes,No,No,No,Yes,No,No
22286368,No,No,Yes,No,No,No,No
22025597,Yes,No,No,No,No,No,No
21818081,Yes,No,No,Yes,No,No,No
21632779,No,No,No,No,Yes,No,No
22130616,Yes,No,No,No,No,No,No
22233582,No,No,No,No,No,No,Yes
22308253,Yes,No,No,No,No,No,No
22043268,No,No,No,Yes,No,No,No
21845685,Yes,No,No,Yes,No,No,No
22166825,No,Yes,No,No,No,No,No
21823951,Yes,No,No,No,No,No,No
22233582,No,No,No,No,No,No,Yes
21600495,No,No,No,No,No,No,Yes
22196912,Yes,No,No,Yes,No,No,No
22145284,No,No,Yes,No,No,No,No
21955288,No,No,Yes,No,No,No,No
21697828,No,No,Yes,No,No,No,No
22058115,No,Yes,No,No,No,No,No
21737033,Yes,No,No,No,No,No,No
22168413,Yes,No,No,No,No,No,No
